Merchant_id,Total_sales,Sales_use_coupon,Total_coupon,Merchant_min_distance,Merchant_max_distance,Merchant_mean_distance,Merchant_median_distance,Merchant_coupon_transfer_rate,Coupon_rate
6336,69,1,54,0,0,0.0,0,0.018518518518518517,0.014492753623188406
1829,51,8,10,-1,0,-0.5,-1,0.8,0.1568627450980392
5803,654,16,294,-1,1,-0.375,-1,0.05442176870748299,0.024464831804281346
2142,12,1,8,2,2,2.0,2,0.125,0.08333333333333333
3997,25,1,1,0,0,0.0,0,1.0,0.04
833,63,4,19,0,0,0.0,0,0.21052631578947367,0.06349206349206349
8638,40,4,26,0,1,0.25,0,0.15384615384615385,0.1
4519,12,1,9,0,0,0.0,0,0.1111111111111111,0.08333333333333333
7240,4,1,4,-1,-1,-1.0,-1,0.25,0.25
5518,3,1,3,1,1,1.0,1,0.3333333333333333,0.3333333333333333
1645,2,1,2,10,10,10.0,10,0.5,0.5
3175,10,2,4,0,0,0.0,0,0.5,0.2
496,9,2,9,0,0,0.0,0,0.2222222222222222,0.2222222222222222
6658,4,2,5,-1,4,1.5,-1,0.4,0.5
8389,3,1,4,0,0,0.0,0,0.25,0.3333333333333333
5300,3,1,3,0,0,0.0,0,0.3333333333333333,0.3333333333333333
2122,8,2,4,0,0,0.0,0,0.5,0.25
2999,19,1,19,3,3,3.0,3,0.05263157894736842,0.05263157894736842
5614,36,1,47,3,3,3.0,3,0.02127659574468085,0.027777777777777776
1025,2,1,4,-1,-1,-1.0,-1,0.25,0.5
1896,9,2,3,0,0,0.0,0,0.6666666666666666,0.2222222222222222
392,1,1,3,-1,-1,-1.0,-1,0.3333333333333333,1.0
6825,49,14,102,-1,1,-0.14285714285714285,0,0.13725490196078433,0.2857142857142857
3488,83,3,71,-1,0,-0.3333333333333333,0,0.04225352112676056,0.03614457831325301
7850,13,1,10,0,0,0.0,0,0.1,0.07692307692307693
5984,6,1,4,-1,-1,-1.0,-1,0.25,0.16666666666666666
6266,19,1,1,0,0,0.0,0,1.0,0.05263157894736842
3352,18,1,21,0,0,0.0,0,0.047619047619047616,0.05555555555555555
1618,2,1,1,0,0,0.0,0,1.0,0.5
1303,1,1,1,0,0,0.0,0,1.0,1.0
451,94,6,62,0,5,1.5,1,0.0967741935483871,0.06382978723404255
6597,181,11,29,0,1,0.09090909090909091,0,0.3793103448275862,0.06077348066298342
5074,136,1,124,-1,-1,-1.0,-1,0.008064516129032258,0.007352941176470588
7910,903,246,653,-1,10,0.36585365853658536,0,0.3767228177641654,0.2724252491694352
3876,359,2,246,-1,-1,-1.0,-1,0.008130081300813009,0.005571030640668524
4239,9,1,1,1,1,1.0,1,1.0,0.1111111111111111
3986,7,1,5,-1,-1,-1.0,-1,0.2,0.14285714285714285
6361,42,2,21,0,0,0.0,0,0.09523809523809523,0.047619047619047616
7530,6,1,3,0,0,0.0,0,0.3333333333333333,0.16666666666666666
5223,10,1,4,0,0,0.0,0,0.25,0.1
2622,510,28,153,-1,10,0.8214285714285714,0,0.1830065359477124,0.054901960784313725
5907,21,6,17,1,5,2.5,1,0.35294117647058826,0.2857142857142857
8211,65,7,1080,0,6,1.4285714285714286,1,0.006481481481481481,0.1076923076923077
8678,188,16,65,-1,3,0.125,0,0.24615384615384617,0.0851063829787234
5217,2,1,1,0,0,0.0,0,1.0,0.5
3561,69,2,33,0,0,0.0,0,0.06060606060606061,0.028985507246376812
2655,46,2,7,0,0,0.0,0,0.2857142857142857,0.043478260869565216
7324,10,4,21,0,0,0.0,0,0.19047619047619047,0.4
5513,10,1,2,0,0,0.0,0,0.5,0.1
6934,11,2,4,0,0,0.0,0,0.5,0.18181818181818182
2656,3,1,2,0,0,0.0,0,0.5,0.3333333333333333
6154,10,7,7,0,10,2.857142857142857,0,1.0,0.7
970,292,31,140,-1,10,0.45161290322580644,0,0.22142857142857142,0.10616438356164383
3028,24,5,43,0,10,2.8,0,0.11627906976744186,0.20833333333333334
2559,38,4,10,-1,3,0.5,0,0.4,0.10526315789473684
2247,59,5,28,-1,0,-0.8,-1,0.17857142857142858,0.0847457627118644
2914,63,6,45,0,0,0.0,0,0.13333333333333333,0.09523809523809523
1157,65,3,20,0,1,0.3333333333333333,0,0.15,0.046153846153846156
6864,1,1,3,-1,-1,-1.0,-1,0.3333333333333333,1.0
3790,1,1,3,5,5,5.0,5,0.3333333333333333,1.0
4477,5,1,2,0,0,0.0,0,0.5,0.2
5140,54,1,10,0,0,0.0,0,0.1,0.018518518518518517
4291,10,10,24,-1,-1,-1.0,-1,0.4166666666666667,1.0
7206,166,13,47,0,3,0.3076923076923077,0,0.2765957446808511,0.0783132530120482
296,10,1,6,0,0,0.0,0,0.16666666666666666,0.1
1718,8,1,5,3,3,3.0,3,0.2,0.125
133,9,1,6,-1,-1,-1.0,-1,0.16666666666666666,0.1111111111111111
1888,9,1,2,0,0,0.0,0,0.5,0.1111111111111111
6378,27,3,24,0,2,1.3333333333333333,2,0.125,0.1111111111111111
8146,10,1,7,1,1,1.0,1,0.14285714285714285,0.1
5867,22,2,7,0,10,5.0,0,0.2857142857142857,0.09090909090909091
1016,4,1,7,2,2,2.0,2,0.14285714285714285,0.25
4167,9,1,6,1,1,1.0,1,0.16666666666666666,0.1111111111111111
5692,4,1,1,0,0,0.0,0,1.0,0.25
5030,4,1,4,2,2,2.0,2,0.25,0.25
8664,7,1,3,4,4,4.0,4,0.3333333333333333,0.14285714285714285
2479,65,6,43,-1,2,0.3333333333333333,0,0.13953488372093023,0.09230769230769231
974,67,2,86,3,3,3.0,3,0.023255813953488372,0.029850746268656716
1160,15,3,9,10,10,10.0,10,0.3333333333333333,0.2
7169,12,2,13,0,0,0.0,0,0.15384615384615385,0.16666666666666666
4725,4,1,3,0,0,0.0,0,0.3333333333333333,0.25
6237,7,1,2,0,0,0.0,0,0.5,0.14285714285714285
4512,13,1,1,0,0,0.0,0,1.0,0.07692307692307693
6108,3,1,3,-1,-1,-1.0,-1,0.3333333333333333,0.3333333333333333
2835,56,7,23,0,1,0.2857142857142857,0,0.30434782608695654,0.125
6913,17,4,5,0,0,0.0,0,0.8,0.23529411764705882
4782,24,1,25,7,7,7.0,7,0.04,0.041666666666666664
7092,3,1,2,8,8,8.0,8,0.5,0.3333333333333333
5916,5,1,3,0,0,0.0,0,0.3333333333333333,0.2
375,34,15,19,1,8,3.066666666666667,2,0.7894736842105263,0.4411764705882353
3441,10,4,8,0,0,0.0,0,0.5,0.4
744,158,3,100,0,0,0.0,0,0.03,0.0189873417721519
7571,8,1,8,10,10,10.0,10,0.125,0.125
8423,4,2,3,0,0,0.0,0,0.6666666666666666,0.5
3235,15,1,13,2,2,2.0,2,0.07692307692307693,0.06666666666666667
211,30,3,37,0,0,0.0,0,0.08108108108108109,0.1
642,286,88,118,0,2,0.06818181818181818,0,0.7457627118644068,0.3076923076923077
1675,15,2,7,0,0,0.0,0,0.2857142857142857,0.13333333333333333
5038,17,1,7,0,0,0.0,0,0.14285714285714285,0.058823529411764705
796,61,4,20,-1,-1,-1.0,-1,0.2,0.06557377049180328
8396,26,3,35,0,0,0.0,0,0.08571428571428572,0.11538461538461539
8011,57,2,16,0,0,0.0,0,0.125,0.03508771929824561
6639,10,1,1,4,4,4.0,4,1.0,0.1
8536,75,7,26,-1,1,0.0,0,0.2692307692307692,0.09333333333333334
2342,362,64,242,0,4,0.765625,0,0.2644628099173554,0.17679558011049723
6056,14,2,4,-1,-1,-1.0,-1,0.5,0.14285714285714285
772,294,16,159,-1,0,-0.75,-1,0.10062893081761007,0.05442176870748299
7602,13,3,8,0,0,0.0,0,0.375,0.23076923076923078
3198,3,1,5,3,3,3.0,3,0.2,0.3333333333333333
7173,5,1,1,-1,-1,-1.0,-1,1.0,0.2
6933,20,1,4,0,0,0.0,0,0.25,0.05
939,108,4,11,-1,10,2.0,-1,0.36363636363636365,0.037037037037037035
874,58,3,5,0,1,0.3333333333333333,0,0.6,0.05172413793103448
3611,54,6,60,-1,5,2.1666666666666665,1,0.1,0.1111111111111111
2662,20,4,12,0,0,0.0,0,0.3333333333333333,0.2
385,14,1,10,0,0,0.0,0,0.1,0.07142857142857142
2007,24,3,7,0,0,0.0,0,0.42857142857142855,0.125
7604,21,2,5,0,3,1.5,0,0.4,0.09523809523809523
1226,8,1,4,-1,-1,-1.0,-1,0.25,0.125
5152,379,16,321,-1,10,1.6875,0,0.04984423676012461,0.04221635883905013
7613,167,3,24,0,0,0.0,0,0.125,0.017964071856287425
2463,42,8,15,0,1,0.375,0,0.5333333333333333,0.19047619047619047
1892,95,14,72,0,10,0.7857142857142857,0,0.19444444444444445,0.14736842105263157
28,7,1,4,0,0,0.0,0,0.25,0.14285714285714285
7935,4,4,5,-1,10,7.25,10,0.8,1.0
183,25,2,2,0,0,0.0,0,1.0,0.08
1243,32,2,41,0,0,0.0,0,0.04878048780487805,0.0625
4083,332,21,172,-1,9,0.38095238095238093,0,0.12209302325581395,0.06325301204819277
4155,32,4,26,0,10,4.25,0,0.15384615384615385,0.125
497,17,2,2,0,0,0.0,0,1.0,0.11764705882352941
2842,6,1,8,0,0,0.0,0,0.125,0.16666666666666666
7147,22,1,14,0,0,0.0,0,0.07142857142857142,0.045454545454545456
1274,10,1,5,0,0,0.0,0,0.2,0.1
7539,22,1,12,4,4,4.0,4,0.08333333333333333,0.045454545454545456
3706,95,8,40,-1,1,-0.125,0,0.2,0.08421052631578947
1772,71,4,38,0,2,1.0,0,0.10526315789473684,0.056338028169014086
6152,20,2,7,0,10,5.0,0,0.2857142857142857,0.1
8126,14,2,2,-1,-1,-1.0,-1,1.0,0.14285714285714285
4848,7,1,4,7,7,7.0,7,0.25,0.14285714285714285
787,3,1,1,3,3,3.0,3,1.0,0.3333333333333333
8809,5,2,5,1,10,5.5,1,0.4,0.4
5337,55,1,1,0,0,0.0,0,1.0,0.01818181818181818
1752,2,1,1,-1,-1,-1.0,-1,1.0,0.5
3403,244,47,112,-1,10,0.8085106382978723,0,0.41964285714285715,0.19262295081967212
7838,118,37,590,-1,10,1.3243243243243243,0,0.06271186440677966,0.3135593220338983
7237,41,3,32,-1,3,0.3333333333333333,-1,0.09375,0.07317073170731707
6288,69,12,130,-1,10,1.75,1,0.09230769230769231,0.17391304347826086
731,14,1,8,1,1,1.0,1,0.125,0.07142857142857142
5691,16,2,13,0,0,0.0,0,0.15384615384615385,0.125
1708,18,3,7,-1,-1,-1.0,-1,0.42857142857142855,0.16666666666666666
2240,38,3,6,-1,1,0.0,0,0.5,0.07894736842105263
5006,219,18,154,-1,10,1.1666666666666667,0,0.11688311688311688,0.0821917808219178
6863,28,2,41,0,5,2.5,0,0.04878048780487805,0.07142857142857142
3346,9,1,11,5,5,5.0,5,0.09090909090909091,0.1111111111111111
4700,18,2,18,-1,0,-0.5,-1,0.1111111111111111,0.1111111111111111
2678,16,3,13,0,0,0.0,0,0.23076923076923078,0.1875
3127,1,1,3,1,1,1.0,1,0.3333333333333333,1.0
8130,6,1,3,0,0,0.0,0,0.3333333333333333,0.16666666666666666
7242,7,3,4,0,0,0.0,0,0.75,0.42857142857142855
8608,2,2,8,10,10,10.0,10,0.25,1.0
2610,380,49,182,-1,4,0.24489795918367346,0,0.2692307692307692,0.12894736842105264
8643,6,1,9,0,0,0.0,0,0.1111111111111111,0.16666666666666666
5396,11,2,13,-1,2,0.5,-1,0.15384615384615385,0.18181818181818182
5212,31,1,2,10,10,10.0,10,0.5,0.03225806451612903
5875,18,4,6,2,10,8.0,10,0.6666666666666666,0.2222222222222222
8656,30,9,48,0,0,0.0,0,0.1875,0.3
3811,29,4,20,0,0,0.0,0,0.2,0.13793103448275862
7489,16,1,8,2,2,2.0,2,0.125,0.0625
3211,12,1,6,-1,-1,-1.0,-1,0.16666666666666666,0.08333333333333333
2857,12,3,27,0,0,0.0,0,0.1111111111111111,0.25
5586,16,2,8,0,0,0.0,0,0.25,0.125
2754,37,1,4,0,0,0.0,0,0.25,0.02702702702702703
626,13,1,3,0,0,0.0,0,0.3333333333333333,0.07692307692307693
3743,5,1,9,3,3,3.0,3,0.1111111111111111,0.2
3411,2,1,2,0,0,0.0,0,0.5,0.5
3072,100,1,67,-1,-1,-1.0,-1,0.014925373134328358,0.01
384,14,4,9,0,0,0.0,0,0.4444444444444444,0.2857142857142857
8438,66,1,108,0,0,0.0,0,0.009259259259259259,0.015151515151515152
5123,19,4,13,-1,5,1.0,0,0.3076923076923077,0.21052631578947367
7895,1,1,3,-1,-1,-1.0,-1,0.3333333333333333,1.0
1927,10,1,6,0,0,0.0,0,0.16666666666666666,0.1
5647,6,2,8,0,0,0.0,0,0.25,0.3333333333333333
2331,7,1,3,1,1,1.0,1,0.3333333333333333,0.14285714285714285
2322,16,3,35,3,9,5.0,3,0.08571428571428572,0.1875
159,9,1,8,0,0,0.0,0,0.125,0.1111111111111111
2738,58,5,47,0,10,4.8,7,0.10638297872340426,0.08620689655172414
7250,12,2,10,1,1,1.0,1,0.2,0.16666666666666666
1418,39,3,47,0,0,0.0,0,0.06382978723404255,0.07692307692307693
3123,39,2,4,1,1,1.0,1,0.5,0.05128205128205128
6988,10,4,11,0,0,0.0,0,0.36363636363636365,0.4
7662,4,1,2,-1,-1,-1.0,-1,0.5,0.25
3370,8,2,8,10,10,10.0,10,0.25,0.25
743,7,1,6,0,0,0.0,0,0.16666666666666666,0.14285714285714285
2804,93,3,50,0,6,2.0,0,0.06,0.03225806451612903
1210,3,1,2,0,0,0.0,0,0.5,0.3333333333333333
5892,34,5,17,0,0,0.0,0,0.29411764705882354,0.14705882352941177
1148,53,1,19,1,1,1.0,1,0.05263157894736842,0.018867924528301886
6528,23,4,21,0,1,0.5,0,0.19047619047619047,0.17391304347826086
806,67,6,27,-1,0,-0.16666666666666666,0,0.2222222222222222,0.08955223880597014
4209,4,1,2,0,0,0.0,0,0.5,0.25
7023,26,3,23,0,0,0.0,0,0.13043478260869565,0.11538461538461539
1280,2,1,5,3,3,3.0,3,0.2,0.5
3284,2079,312,1138,-1,10,0.4326923076923077,0,0.2741652021089631,0.15007215007215008
8022,204,28,222,-1,10,0.35714285714285715,0,0.12612612612612611,0.13725490196078433
4899,5,1,5,0,0,0.0,0,0.2,0.2
2069,18,1,17,0,0,0.0,0,0.058823529411764705,0.05555555555555555
1398,21,2,17,0,0,0.0,0,0.11764705882352941,0.09523809523809523
6128,8,8,12,-1,-1,-1.0,-1,0.6666666666666666,1.0
7711,134,2,5,0,0,0.0,0,0.4,0.014925373134328358
2198,327,3,29,0,1,0.3333333333333333,0,0.10344827586206896,0.009174311926605505
3512,15,4,23,10,10,10.0,10,0.17391304347826086,0.26666666666666666
2496,15,1,11,10,10,10.0,10,0.09090909090909091,0.06666666666666667
8391,15,1,6,0,0,0.0,0,0.16666666666666666,0.06666666666666667
7244,1,1,2,-1,-1,-1.0,-1,0.5,1.0
4523,15,1,38,-1,-1,-1.0,-1,0.02631578947368421,0.06666666666666667
984,298,40,307,-1,10,2.125,0,0.13029315960912052,0.1342281879194631
8570,27,1,18,0,0,0.0,0,0.05555555555555555,0.037037037037037035
3328,8,3,5,0,10,6.666666666666667,10,0.6,0.375
8184,18,1,17,-1,-1,-1.0,-1,0.058823529411764705,0.05555555555555555
6810,12,1,6,-1,-1,-1.0,-1,0.16666666666666666,0.08333333333333333
350,7,4,6,-1,-1,-1.0,-1,0.6666666666666666,0.5714285714285714
4305,6,1,5,1,1,1.0,1,0.2,0.16666666666666666
5322,1,1,2,10,10,10.0,10,0.5,1.0
4033,7,1,9,10,10,10.0,10,0.1111111111111111,0.14285714285714285
5003,136,15,75,0,0,0.0,0,0.2,0.11029411764705882
3679,90,5,33,0,10,2.0,0,0.15151515151515152,0.05555555555555555
3171,78,5,6,0,0,0.0,0,0.8333333333333334,0.0641025641025641
8693,25,8,29,0,0,0.0,0,0.27586206896551724,0.32
3076,298,5,31,0,1,0.2,0,0.16129032258064516,0.016778523489932886
3037,7,1,3,0,0,0.0,0,0.3333333333333333,0.14285714285714285
3859,1,1,1,-1,-1,-1.0,-1,1.0,1.0
4446,2,1,1,-1,-1,-1.0,-1,1.0,0.5
3621,2075,162,1734,-1,10,0.2222222222222222,0,0.09342560553633218,0.0780722891566265
7418,132,9,46,-1,0,-0.2222222222222222,0,0.1956521739130435,0.06818181818181818
388,115,7,81,0,2,1.4285714285714286,2,0.08641975308641975,0.06086956521739131
6852,42,1,41,0,0,0.0,0,0.024390243902439025,0.023809523809523808
7600,301,8,47,0,10,3.25,0,0.1702127659574468,0.026578073089700997
6572,23,2,7,0,0,0.0,0,0.2857142857142857,0.08695652173913043
2168,6,3,4,0,10,3.3333333333333335,0,0.75,0.5
5374,9,4,7,5,5,5.0,5,0.5714285714285714,0.4444444444444444
6440,15,2,20,0,0,0.0,0,0.1,0.13333333333333333
1775,139,2,9,0,10,5.0,0,0.2222222222222222,0.014388489208633094
4617,36,2,11,0,9,4.5,0,0.18181818181818182,0.05555555555555555
4873,15,2,5,1,1,1.0,1,0.4,0.13333333333333333
6717,3,1,4,0,0,0.0,0,0.25,0.3333333333333333
2022,147,7,157,0,10,2.857142857142857,0,0.044585987261146494,0.047619047619047616
6650,393,14,275,-1,5,1.4285714285714286,1,0.05090909090909091,0.035623409669211195
4014,13,1,1,10,10,10.0,10,1.0,0.07692307692307693
6746,48,1,41,0,0,0.0,0,0.024390243902439025,0.020833333333333332
5843,6,1,3,0,0,0.0,0,0.3333333333333333,0.16666666666666666
6880,21,2,9,0,0,0.0,0,0.2222222222222222,0.09523809523809523
926,7,1,4,0,0,0.0,0,0.25,0.14285714285714285
8655,15,1,8,0,0,0.0,0,0.125,0.06666666666666667
4070,260,33,215,-1,2,0.06060606060606061,0,0.15348837209302327,0.12692307692307692
2227,18,1,8,0,0,0.0,0,0.125,0.05555555555555555
7823,38,1,28,4,4,4.0,4,0.03571428571428571,0.02631578947368421
707,5,1,3,1,1,1.0,1,0.3333333333333333,0.2
8773,104,7,19,0,8,2.0,0,0.3684210526315789,0.0673076923076923
4989,27,3,11,0,0,0.0,0,0.2727272727272727,0.1111111111111111
822,18,4,18,-1,7,2.75,2,0.2222222222222222,0.2222222222222222
2726,14,2,10,0,0,0.0,0,0.2,0.14285714285714285
1215,11,1,1,0,0,0.0,0,1.0,0.09090909090909091
4823,1,1,5,10,10,10.0,10,0.2,1.0
1925,4,2,5,0,0,0.0,0,0.4,0.5
2668,3,1,3,10,10,10.0,10,0.3333333333333333,0.3333333333333333
2772,6,1,4,0,0,0.0,0,0.25,0.16666666666666666
3673,158,2,51,-1,0,-0.5,-1,0.0392156862745098,0.012658227848101266
8186,36,1,60,0,0,0.0,0,0.016666666666666666,0.027777777777777776
3888,28,2,32,1,2,1.5,1,0.0625,0.07142857142857142
4720,219,29,191,-1,2,0.1724137931034483,0,0.1518324607329843,0.1324200913242009
8786,17,2,16,8,10,9.0,8,0.125,0.11764705882352941
3886,20,2,14,-1,-1,-1.0,-1,0.14285714285714285,0.1
285,5,1,8,0,0,0.0,0,0.125,0.2
3240,7,1,4,0,0,0.0,0,0.25,0.14285714285714285
6465,4,1,3,-1,-1,-1.0,-1,0.3333333333333333,0.25
3654,6,1,7,0,0,0.0,0,0.14285714285714285,0.16666666666666666
2288,45,1,5,10,10,10.0,10,0.2,0.022222222222222223
222,4,1,4,0,0,0.0,0,0.25,0.25
1469,2769,130,1294,-1,10,1.9923076923076923,0,0.10046367851622875,0.046948356807511735
1125,1181,44,439,-1,8,1.0,0,0.10022779043280182,0.03725656223539373
209,437,157,1321,-1,10,0.5031847133757962,0,0.11884935654806965,0.35926773455377575
995,11,2,2,-1,0,-0.5,-1,1.0,0.18181818181818182
8473,19,2,40,2,3,2.5,2,0.05,0.10526315789473684
5953,87,1,8,0,0,0.0,0,0.125,0.011494252873563218
685,50,4,16,0,0,0.0,0,0.25,0.08
604,18,1,6,-1,-1,-1.0,-1,0.16666666666666666,0.05555555555555555
6630,3,1,1,0,0,0.0,0,1.0,0.3333333333333333
330,14,2,6,0,0,0.0,0,0.3333333333333333,0.14285714285714285
1848,11,3,4,0,0,0.0,0,0.75,0.2727272727272727
122,70,3,44,0,2,0.6666666666666666,0,0.06818181818181818,0.04285714285714286
7989,36,2,3,0,4,2.0,0,0.6666666666666666,0.05555555555555555
2828,6,1,1,0,0,0.0,0,1.0,0.16666666666666666
1176,3,1,5,0,0,0.0,0,0.2,0.3333333333333333
1583,7,2,2,0,0,0.0,0,1.0,0.2857142857142857
4028,4,1,3,2,2,2.0,2,0.3333333333333333,0.25
924,145,22,146,-1,4,0.8181818181818182,0,0.1506849315068493,0.15172413793103448
5516,21,5,28,0,2,1.4,2,0.17857142857142858,0.23809523809523808
6090,12,2,10,5,5,5.0,5,0.2,0.16666666666666666
3482,12,2,15,-1,0,-0.5,-1,0.13333333333333333,0.16666666666666666
157,5,3,14,-1,1,-0.3333333333333333,-1,0.21428571428571427,0.6
8375,26,2,7,0,1,0.5,0,0.2857142857142857,0.07692307692307693
3390,1,1,70,-1,-1,-1.0,-1,0.014285714285714285,1.0
539,107,2,21,0,0,0.0,0,0.09523809523809523,0.018691588785046728
8037,422,30,176,0,10,1.8666666666666667,0,0.17045454545454544,0.07109004739336493
3276,7,1,3,3,3,3.0,3,0.3333333333333333,0.14285714285714285
246,24,1,7,0,0,0.0,0,0.14285714285714285,0.041666666666666664
5787,34,1,43,10,10,10.0,10,0.023255813953488372,0.029411764705882353
5524,14,1,23,-1,-1,-1.0,-1,0.043478260869565216,0.07142857142857142
599,32,2,12,0,1,0.5,0,0.16666666666666666,0.0625
2404,15,2,23,3,3,3.0,3,0.08695652173913043,0.13333333333333333
519,10,2,7,0,0,0.0,0,0.2857142857142857,0.2
6993,12,1,11,0,0,0.0,0,0.09090909090909091,0.08333333333333333
3862,19,3,12,-1,10,4.333333333333333,4,0.25,0.15789473684210525
4018,35,1,1,0,0,0.0,0,1.0,0.02857142857142857
7241,12,1,2,0,0,0.0,0,0.5,0.08333333333333333
1197,10,1,6,0,0,0.0,0,0.16666666666666666,0.1
6504,467,26,902,-1,10,0.8076923076923077,0,0.028824833702882482,0.055674518201284794
8721,101,1,50,0,0,0.0,0,0.02,0.009900990099009901
2051,24,4,28,0,6,2.75,2,0.14285714285714285,0.16666666666666666
5755,208,5,227,0,1,0.4,0,0.022026431718061675,0.02403846153846154
6024,212,13,51,-1,10,0.7692307692307693,-1,0.2549019607843137,0.06132075471698113
2549,94,7,39,0,10,1.4285714285714286,0,0.1794871794871795,0.07446808510638298
8619,131,4,52,0,0,0.0,0,0.07692307692307693,0.030534351145038167
6339,5,1,6,0,0,0.0,0,0.16666666666666666,0.2
3567,21,1,3,0,0,0.0,0,0.3333333333333333,0.047619047619047616
2823,16,1,3,0,0,0.0,0,0.3333333333333333,0.0625
8672,3,1,4,1,1,1.0,1,0.25,0.3333333333333333
5182,3,1,1,0,0,0.0,0,1.0,0.3333333333333333
3293,777,67,639,-1,10,1.7611940298507462,1,0.10485133020344288,0.08622908622908623
6515,155,27,160,-1,10,1.9259259259259258,0,0.16875,0.17419354838709677
1244,101,1,12,1,1,1.0,1,0.08333333333333333,0.009900990099009901
2619,27,12,14,-1,6,1.3333333333333333,1,0.8571428571428571,0.4444444444444444
1425,7,1,7,5,5,5.0,5,0.14285714285714285,0.14285714285714285
140,4,1,1,0,0,0.0,0,1.0,0.25
711,15,1,9,-1,-1,-1.0,-1,0.1111111111111111,0.06666666666666667
6946,22,6,12,0,6,1.0,0,0.5,0.2727272727272727
4498,7,1,4,0,0,0.0,0,0.25,0.14285714285714285
665,51,3,14,-1,10,3.0,0,0.21428571428571427,0.058823529411764705
2582,10,1,8,-1,-1,-1.0,-1,0.125,0.1
5868,8,1,10,0,0,0.0,0,0.1,0.125
3857,16,2,26,2,3,2.5,2,0.07692307692307693,0.125
6917,21,1,1,0,0,0.0,0,1.0,0.047619047619047616
4828,1,1,6,10,10,10.0,10,0.16666666666666666,1.0
4327,16,1,7,2,2,2.0,2,0.14285714285714285,0.0625
618,60,1,17,5,5,5.0,5,0.058823529411764705,0.016666666666666666
7902,22,5,14,0,1,0.2,0,0.35714285714285715,0.22727272727272727
3155,35,3,42,0,4,1.6666666666666667,1,0.07142857142857142,0.08571428571428572
1542,8,3,5,0,5,1.6666666666666667,0,0.6,0.375
7347,37,9,45,0,10,1.5555555555555556,0,0.2,0.24324324324324326
5609,49,2,5,0,0,0.0,0,0.4,0.04081632653061224
1599,8,2,6,0,1,0.5,0,0.3333333333333333,0.25
355,11,4,12,0,10,2.5,0,0.3333333333333333,0.36363636363636365
1786,1,1,5,0,0,0.0,0,0.2,1.0
7361,10,1,1,0,0,0.0,0,1.0,0.1
7691,10,4,5,0,0,0.0,0,0.8,0.4
5018,28,5,19,0,2,0.8,0,0.2631578947368421,0.17857142857142858
386,7,1,11,4,4,4.0,4,0.09090909090909091,0.14285714285714285
2339,33,4,17,-1,3,1.0,0,0.23529411764705882,0.12121212121212122
8218,67,1,7,1,1,1.0,1,0.14285714285714285,0.014925373134328358
5344,6,1,16,0,0,0.0,0,0.0625,0.16666666666666666
1723,5,1,4,7,7,7.0,7,0.25,0.2
7555,3349,447,9278,-1,10,1.4988814317673378,0,0.04817848674283251,0.13347267841146612
8088,9,2,13,0,0,0.0,0,0.15384615384615385,0.2222222222222222
1382,13,3,8,0,10,6.666666666666667,10,0.375,0.23076923076923078
2635,45,6,14,0,0,0.0,0,0.42857142857142855,0.13333333333333333
8523,15,1,2,0,0,0.0,0,0.5,0.06666666666666667
7346,14,2,6,-1,10,4.5,-1,0.3333333333333333,0.14285714285714285
748,4,2,3,1,1,1.0,1,0.6666666666666666,0.5
7221,703,71,632,-1,10,1.056338028169014,0,0.11234177215189874,0.10099573257467995
4663,395,15,528,-1,6,1.4666666666666666,0,0.028409090909090908,0.0379746835443038
1491,42,3,32,2,3,2.3333333333333335,2,0.09375,0.07142857142857142
3798,8,2,4,2,2,2.0,2,0.5,0.25
146,6,1,4,-1,-1,-1.0,-1,0.25,0.16666666666666666
3206,4,1,3,2,2,2.0,2,0.3333333333333333,0.25
3283,759,286,536,-1,10,0.3776223776223776,0,0.5335820895522388,0.37681159420289856
797,1377,226,1247,-1,10,0.035398230088495575,0,0.18123496391339214,0.16412490922294845
3449,112,7,194,0,1,0.14285714285714285,0,0.03608247422680412,0.0625
8025,23,1,4,0,0,0.0,0,0.25,0.043478260869565216
4515,190,15,79,0,1,0.13333333333333333,0,0.189873417721519,0.07894736842105263
2054,9,1,4,0,0,0.0,0,0.25,0.1111111111111111
4102,36,1,8,0,0,0.0,0,0.125,0.027777777777777776
2941,150,33,89,0,0,0.0,0,0.3707865168539326,0.22
4786,5,1,2,0,0,0.0,0,0.5,0.2
3826,6,1,5,0,0,0.0,0,0.2,0.16666666666666666
2786,338,18,221,-1,10,1.9444444444444444,0,0.08144796380090498,0.05325443786982249
7143,76,1,10,1,1,1.0,1,0.1,0.013157894736842105
1516,13,1,13,4,4,4.0,4,0.07692307692307693,0.07692307692307693
2296,42,4,15,-1,0,-0.5,-1,0.26666666666666666,0.09523809523809523
8830,4,1,2,-1,-1,-1.0,-1,0.5,0.25
2780,19,4,26,0,0,0.0,0,0.15384615384615385,0.21052631578947367
5192,8,1,7,0,0,0.0,0,0.14285714285714285,0.125
7042,17,2,7,0,0,0.0,0,0.2857142857142857,0.11764705882352941
2957,9,3,10,0,0,0.0,0,0.3,0.3333333333333333
4351,8,1,4,0,0,0.0,0,0.25,0.125
7087,17,1,3,0,0,0.0,0,0.3333333333333333,0.058823529411764705
6362,172,13,210,-1,10,5.076923076923077,5,0.06190476190476191,0.0755813953488372
1812,85,3,135,-1,10,3.3333333333333335,1,0.022222222222222223,0.03529411764705882
7078,103,1,6,0,0,0.0,0,0.16666666666666666,0.009708737864077669
6481,147,10,139,-1,9,1.6,0,0.07194244604316546,0.06802721088435375
5968,20,1,5,0,0,0.0,0,0.2,0.05
5819,16,1,12,2,2,2.0,2,0.08333333333333333,0.0625
4312,17,2,8,0,1,0.5,0,0.25,0.11764705882352941
7468,26,2,2,0,0,0.0,0,1.0,0.07692307692307693
7806,1,1,7,-1,-1,-1.0,-1,0.14285714285714285,1.0
2138,24,1,2,10,10,10.0,10,0.5,0.041666666666666664
5341,12512,2883,13680,-1,10,0.14151925078043703,0,0.2107456140350877,0.2304187979539642
6227,52,2,25,-1,0,-0.5,-1,0.08,0.038461538461538464
674,27,4,20,-1,9,3.0,2,0.2,0.14814814814814814
212,117,22,121,-1,10,1.0,0,0.18181818181818182,0.18803418803418803
4569,24,2,22,0,4,2.0,0,0.09090909090909091,0.08333333333333333
5761,1,1,12,-1,-1,-1.0,-1,0.08333333333333333,1.0
5097,11,1,8,2,2,2.0,2,0.125,0.09090909090909091
8699,18,3,12,-1,0,-0.3333333333333333,0,0.25,0.16666666666666666
715,7,4,6,0,0,0.0,0,0.6666666666666666,0.5714285714285714
5204,13,6,8,0,0,0.0,0,0.75,0.46153846153846156
6907,51,1,90,10,10,10.0,10,0.011111111111111112,0.0196078431372549
5077,16,1,16,0,0,0.0,0,0.0625,0.0625
7616,16,3,9,0,0,0.0,0,0.3333333333333333,0.1875
3987,10,2,8,0,0,0.0,0,0.25,0.2
1434,20,15,21,0,9,8.4,9,0.7142857142857143,0.75
3192,28,2,2,0,0,0.0,0,1.0,0.07142857142857142
6223,10,1,5,-1,-1,-1.0,-1,0.2,0.1
7611,6,1,4,0,0,0.0,0,0.25,0.16666666666666666
3210,36,17,40,-1,0,-0.4117647058823529,0,0.425,0.4722222222222222
3111,4,1,2,0,0,0.0,0,0.5,0.25
5114,4,1,3,0,0,0.0,0,0.3333333333333333,0.25
1644,62,12,70,-1,2,0.3333333333333333,0,0.17142857142857143,0.1935483870967742
442,1,1,9,-1,-1,-1.0,-1,0.1111111111111111,1.0
2213,2,1,2,6,6,6.0,6,0.5,0.5
7925,22,1,1,0,0,0.0,0,1.0,0.045454545454545456
4877,4,1,2,1,1,1.0,1,0.5,0.25
7974,1324,75,931,-1,7,0.32,0,0.08055853920515575,0.05664652567975831
3786,1431,180,1346,-1,10,1.0944444444444446,0,0.1337295690936107,0.12578616352201258
8144,112,3,36,-1,0,-0.6666666666666666,-1,0.08333333333333333,0.026785714285714284
6375,55,12,40,-1,4,0.16666666666666666,0,0.3,0.21818181818181817
3231,131,14,72,-1,10,1.5714285714285714,0,0.19444444444444445,0.10687022900763359
1663,62,2,12,0,0,0.0,0,0.16666666666666666,0.03225806451612903
3022,155,4,17,0,1,0.25,0,0.23529411764705882,0.025806451612903226
4487,33,1,16,0,0,0.0,0,0.0625,0.030303030303030304
734,27,1,2,0,0,0.0,0,0.5,0.037037037037037035
6578,6,2,5,0,0,0.0,0,0.4,0.3333333333333333
218,77,10,50,0,9,2.7,0,0.2,0.12987012987012986
6612,13,3,4,0,0,0.0,0,0.75,0.23076923076923078
760,5105,425,3613,-1,10,0.3341176470588235,0,0.11763077774702463,0.0832517140058766
4030,24,2,9,0,0,0.0,0,0.2222222222222222,0.08333333333333333
6827,5,1,2,5,5,5.0,5,0.5,0.2
2433,279,3,35,-1,0,-0.3333333333333333,0,0.08571428571428572,0.010752688172043012
7182,14,2,7,0,0,0.0,0,0.2857142857142857,0.14285714285714285
5777,51,3,16,0,1,0.3333333333333333,0,0.1875,0.058823529411764705
3813,64,3,35,0,1,0.6666666666666666,1,0.08571428571428572,0.046875
4220,42,3,56,-1,1,0.0,0,0.05357142857142857,0.07142857142857142
4570,45,4,32,0,0,0.0,0,0.125,0.08888888888888889
8226,9,1,11,1,1,1.0,1,0.09090909090909091,0.1111111111111111
7402,6,3,6,0,0,0.0,0,0.5,0.5
5158,22,4,30,-1,3,0.5,-1,0.13333333333333333,0.18181818181818182
7564,123,1,33,1,1,1.0,1,0.030303030303030304,0.008130081300813009
2422,65,16,66,-1,6,0.625,0,0.24242424242424243,0.24615384615384617
8546,42,5,54,-1,3,0.4,0,0.09259259259259259,0.11904761904761904
4013,8,1,8,8,8,8.0,8,0.125,0.125
2877,15,1,12,0,0,0.0,0,0.08333333333333333,0.06666666666666667
1242,11,1,6,0,0,0.0,0,0.16666666666666666,0.09090909090909091
3645,8,2,3,0,0,0.0,0,0.6666666666666666,0.25
2879,2,2,3,0,0,0.0,0,0.6666666666666666,1.0
2852,45,3,22,0,0,0.0,0,0.13636363636363635,0.06666666666666667
6416,23,1,7,3,3,3.0,3,0.14285714285714285,0.043478260869565216
6764,68,3,15,0,0,0.0,0,0.2,0.04411764705882353
8800,146,11,110,0,10,1.1818181818181819,0,0.1,0.07534246575342465
5031,4,1,1,5,5,5.0,5,1.0,0.25
1646,34,6,15,-1,9,1.0,-1,0.4,0.17647058823529413
328,13,4,12,0,2,1.5,2,0.3333333333333333,0.3076923076923077
5381,5,1,2,0,0,0.0,0,0.5,0.2
3659,2,1,1,0,0,0.0,0,1.0,0.5
8225,15,2,7,0,0,0.0,0,0.2857142857142857,0.13333333333333333
40,53,1,13,2,2,2.0,2,0.07692307692307693,0.018867924528301886
20,63,3,34,0,0,0.0,0,0.08823529411764706,0.047619047619047616
8666,17,3,18,-1,0,-0.6666666666666666,-1,0.16666666666666666,0.17647058823529413
8108,17,2,10,2,10,6.0,2,0.2,0.11764705882352941
5120,97,2,51,0,0,0.0,0,0.0392156862745098,0.020618556701030927
8217,8,1,9,0,0,0.0,0,0.1111111111111111,0.125
5818,58,7,36,0,10,1.4285714285714286,0,0.19444444444444445,0.1206896551724138
5971,24,2,20,-1,6,2.5,-1,0.1,0.08333333333333333
6243,13,13,29,-1,-1,-1.0,-1,0.4482758620689655,1.0
6781,1,1,2,10,10,10.0,10,0.5,1.0
8032,85,7,15,-1,0,-0.14285714285714285,0,0.4666666666666667,0.08235294117647059
7490,35,3,23,0,2,0.6666666666666666,0,0.13043478260869565,0.08571428571428572
3419,14,2,13,10,10,10.0,10,0.15384615384615385,0.14285714285714285
6775,25,8,27,-1,10,5.5,3,0.2962962962962963,0.32
6756,28,3,6,0,0,0.0,0,0.5,0.10714285714285714
4644,9,2,10,0,0,0.0,0,0.2,0.2222222222222222
5338,14,1,7,0,0,0.0,0,0.14285714285714285,0.07142857142857142
2071,8,1,1,0,0,0.0,0,1.0,0.125
4314,168,1,107,0,0,0.0,0,0.009345794392523364,0.005952380952380952
6963,251,6,93,0,1,0.16666666666666666,0,0.06451612903225806,0.02390438247011952
5237,72,2,6,0,8,4.0,0,0.3333333333333333,0.027777777777777776
6161,7,1,8,4,4,4.0,4,0.125,0.14285714285714285
6020,75,6,122,0,4,1.3333333333333333,0,0.04918032786885246,0.08
3625,27,4,4,0,0,0.0,0,1.0,0.14814814814814814
5887,8,1,10,0,0,0.0,0,0.1,0.125
4564,4,1,1,6,6,6.0,6,1.0,0.25
582,29,5,33,3,10,8.2,9,0.15151515151515152,0.1724137931034483
5591,2163,123,751,-1,4,0.16260162601626016,0,0.16378162450066577,0.056865464632454926
8055,28,2,38,0,0,0.0,0,0.05263157894736842,0.07142857142857142
5937,8,1,6,0,0,0.0,0,0.16666666666666666,0.125
4504,3,1,2,2,2,2.0,2,0.5,0.3333333333333333
8700,1,1,3,2,2,2.0,2,0.3333333333333333,1.0
1301,12,1,1,1,1,1.0,1,1.0,0.08333333333333333
3709,14,1,8,0,0,0.0,0,0.125,0.07142857142857142
3489,60,19,84,0,9,0.47368421052631576,0,0.2261904761904762,0.31666666666666665
2489,5,1,2,1,1,1.0,1,0.5,0.2
8594,128,2,83,-1,0,-0.5,-1,0.024096385542168676,0.015625
8807,4,1,1,10,10,10.0,10,1.0,0.25
2343,1,1,2,-1,-1,-1.0,-1,0.5,1.0
7019,346,20,340,0,5,0.45,0,0.058823529411764705,0.057803468208092484
1968,86,2,48,0,0,0.0,0,0.041666666666666664,0.023255813953488372
5274,9,3,8,0,0,0.0,0,0.375,0.3333333333333333
3871,39,22,103,-1,3,0.9090909090909091,1,0.21359223300970873,0.5641025641025641
966,9,5,10,-1,0,-0.8,-1,0.5,0.5555555555555556
4356,936,57,600,-1,10,1.6842105263157894,0,0.095,0.060897435897435896
2177,14,3,7,-1,0,-0.3333333333333333,0,0.42857142857142855,0.21428571428571427
5507,84,23,44,-1,6,0.8260869565217391,0,0.5227272727272727,0.27380952380952384
7231,20,6,14,-1,-1,-1.0,-1,0.42857142857142855,0.3
3388,25,1,7,0,0,0.0,0,0.14285714285714285,0.04
3269,20,2,24,-1,3,1.0,-1,0.08333333333333333,0.1
6738,90,4,21,5,5,5.0,5,0.19047619047619047,0.044444444444444446
5347,14,1,3,1,1,1.0,1,0.3333333333333333,0.07142857142857142
8588,1,1,18,-1,-1,-1.0,-1,0.05555555555555555,1.0
1028,18,2,6,0,0,0.0,0,0.3333333333333333,0.1111111111111111
120,60,2,28,0,0,0.0,0,0.07142857142857142,0.03333333333333333
8234,64,2,9,0,0,0.0,0,0.2222222222222222,0.03125
3827,23,1,11,1,1,1.0,1,0.09090909090909091,0.043478260869565216
3810,30,1,8,0,0,0.0,0,0.125,0.03333333333333333
4125,1,1,1,-1,-1,-1.0,-1,1.0,1.0
7524,68,4,46,0,0,0.0,0,0.08695652173913043,0.058823529411764705
6182,19,1,9,10,10,10.0,10,0.1111111111111111,0.05263157894736842
5039,202,3,102,0,4,1.3333333333333333,0,0.029411764705882353,0.01485148514851485
6403,34,1,7,0,0,0.0,0,0.14285714285714285,0.029411764705882353
4043,715,98,861,-1,10,0.8469387755102041,0,0.11382113821138211,0.13706293706293707
4976,16,1,4,0,0,0.0,0,0.25,0.0625
6043,71,4,31,0,1,0.25,0,0.12903225806451613,0.056338028169014086
1951,27,4,28,-1,1,0.0,0,0.14285714285714285,0.14814814814814814
8092,8,1,5,0,0,0.0,0,0.2,0.125
4765,45,1,4,0,0,0.0,0,0.25,0.022222222222222223
545,13,1,3,5,5,5.0,5,0.3333333333333333,0.07692307692307693
7868,20,1,3,0,0,0.0,0,0.3333333333333333,0.05
4832,11,1,7,2,2,2.0,2,0.14285714285714285,0.09090909090909091
5716,1,1,1,-1,-1,-1.0,-1,1.0,1.0
5036,97,3,25,0,0,0.0,0,0.12,0.030927835051546393
7161,5,1,6,0,0,0.0,0,0.16666666666666666,0.2
840,12,1,4,0,0,0.0,0,0.25,0.08333333333333333
1029,1,1,3,0,0,0.0,0,0.3333333333333333,1.0
5010,86,13,200,0,10,1.4615384615384615,0,0.065,0.1511627906976744
8012,5,4,5,-1,1,-0.25,-1,0.8,0.8
7191,13,1,7,0,0,0.0,0,0.14285714285714285,0.07692307692307693
6193,49,11,28,0,2,1.3636363636363635,2,0.39285714285714285,0.22448979591836735
2458,3,1,4,0,0,0.0,0,0.25,0.3333333333333333
8653,190,4,104,0,1,0.25,0,0.038461538461538464,0.021052631578947368
8673,13,1,11,5,5,5.0,5,0.09090909090909091,0.07692307692307693
48,9,1,2,5,5,5.0,5,0.5,0.1111111111111111
4529,9,1,1,3,3,3.0,3,1.0,0.1111111111111111
2203,1,1,1,-1,-1,-1.0,-1,1.0,1.0
2128,49,4,29,0,0,0.0,0,0.13793103448275862,0.08163265306122448
1360,73,12,60,0,9,1.0833333333333333,0,0.2,0.1643835616438356
4543,63,2,36,-1,0,-0.5,-1,0.05555555555555555,0.031746031746031744
5132,18,2,8,0,3,1.5,0,0.25,0.1111111111111111
2985,2,1,1,1,1,1.0,1,1.0,0.5
6529,4,2,4,3,3,3.0,3,0.5,0.5
4660,37,12,119,0,10,2.0,1,0.10084033613445378,0.32432432432432434
8563,24,2,7,0,0,0.0,0,0.2857142857142857,0.08333333333333333
5736,14,3,12,0,0,0.0,0,0.25,0.21428571428571427
7317,1,1,8,-1,-1,-1.0,-1,0.125,1.0
8614,374,36,342,-1,10,0.7777777777777778,0,0.10526315789473684,0.0962566844919786
4536,32,2,18,1,1,1.0,1,0.1111111111111111,0.0625
6284,58,14,229,-1,10,3.7142857142857144,2,0.0611353711790393,0.2413793103448276
6803,94,6,90,-1,1,0.16666666666666666,0,0.06666666666666667,0.06382978723404255
4528,24,1,18,1,1,1.0,1,0.05555555555555555,0.041666666666666664
3750,29,5,61,0,4,1.0,0,0.08196721311475409,0.1724137931034483
3655,17,5,88,0,10,2.8,1,0.056818181818181816,0.29411764705882354
7795,5,1,1,-1,-1,-1.0,-1,1.0,0.2
3257,23,2,4,0,10,5.0,0,0.5,0.08695652173913043
2755,14,1,5,0,0,0.0,0,0.2,0.07142857142857142
5826,6,2,6,0,2,1.0,0,0.3333333333333333,0.3333333333333333
5735,2,1,1,2,2,2.0,2,1.0,0.5
1642,8,2,5,10,10,10.0,10,0.4,0.25
2085,31,1,70,0,0,0.0,0,0.014285714285714285,0.03225806451612903
5015,19,2,13,0,1,0.5,0,0.15384615384615385,0.10526315789473684
7181,22,4,20,0,4,2.5,2,0.2,0.18181818181818182
4962,16,1,3,3,3,3.0,3,0.3333333333333333,0.0625
2844,14,2,10,0,0,0.0,0,0.2,0.14285714285714285
397,60,16,62,0,1,0.0625,0,0.25806451612903225,0.26666666666666666
1807,46,6,29,0,3,1.0,0,0.20689655172413793,0.13043478260869565
8844,159,4,95,0,6,1.75,0,0.042105263157894736,0.025157232704402517
1541,26,3,8,1,1,1.0,1,0.375,0.11538461538461539
5917,14,1,1,0,0,0.0,0,1.0,0.07142857142857142
6072,10,2,5,0,0,0.0,0,0.4,0.2
4405,74,1,10,0,0,0.0,0,0.1,0.013513513513513514
8824,20,3,13,0,0,0.0,0,0.23076923076923078,0.15
1569,296,58,15199,-1,10,2.1551724137931036,1,0.00381604052898217,0.19594594594594594
8712,17,2,15,0,1,0.5,0,0.13333333333333333,0.11764705882352941
6255,8,1,13,7,7,7.0,7,0.07692307692307693,0.125
6379,16,2,2,0,0,0.0,0,1.0,0.125
8095,8,1,1,0,0,0.0,0,1.0,0.125
2987,69,3,59,0,10,3.6666666666666665,1,0.05084745762711865,0.043478260869565216
6134,163,6,167,0,0,0.0,0,0.03592814371257485,0.03680981595092025
1874,1,1,2,-1,-1,-1.0,-1,0.5,1.0
5713,8,2,57,0,0,0.0,0,0.03508771929824561,0.25
6568,38,5,35,-1,2,0.2,0,0.14285714285714285,0.13157894736842105
3762,59,10,48,-1,10,1.1,0,0.20833333333333334,0.1694915254237288
3281,11,1,14,6,6,6.0,6,0.07142857142857142,0.09090909090909091
764,6,2,12,1,4,2.5,1,0.16666666666666666,0.3333333333333333
504,6,1,5,0,0,0.0,0,0.2,0.16666666666666666
1298,25,1,17,4,4,4.0,4,0.058823529411764705,0.04
6351,1,1,3,-1,-1,-1.0,-1,0.3333333333333333,1.0
8390,768,91,404,-1,10,0.6813186813186813,0,0.22524752475247525,0.11848958333333333
904,155,15,96,0,2,0.3333333333333333,0,0.15625,0.0967741935483871
931,21,4,11,0,0,0.0,0,0.36363636363636365,0.19047619047619047
5265,36,5,34,-1,5,2.6,4,0.14705882352941177,0.1388888888888889
7427,45,3,20,0,1,0.6666666666666666,1,0.15,0.06666666666666667
1530,52,9,49,0,0,0.0,0,0.1836734693877551,0.17307692307692307
3574,2,1,10,-1,-1,-1.0,-1,0.1,0.5
7072,54,1,28,2,2,2.0,2,0.03571428571428571,0.018518518518518517
5896,27,2,4,0,10,5.0,0,0.5,0.07407407407407407
3440,2,1,1,0,0,0.0,0,1.0,0.5
1035,3,1,21,0,0,0.0,0,0.047619047619047616,0.3333333333333333
4647,6,1,4,5,5,5.0,5,0.25,0.16666666666666666
7432,5,1,3,3,3,3.0,3,0.3333333333333333,0.2
2847,3,1,2,0,0,0.0,0,0.5,0.3333333333333333
3522,1,1,1,10,10,10.0,10,1.0,1.0
3112,109,8,55,-1,2,0.5,0,0.14545454545454545,0.07339449541284404
15,66,7,46,0,1,0.42857142857142855,0,0.15217391304347827,0.10606060606060606
5870,96,10,70,-1,6,0.4,0,0.14285714285714285,0.10416666666666667
4308,91,2,55,-1,1,0.0,-1,0.03636363636363636,0.02197802197802198
7383,6,2,3,0,0,0.0,0,0.6666666666666666,0.3333333333333333
3333,9,1,2,1,1,1.0,1,0.5,0.1111111111111111
5330,22,1,5,-1,-1,-1.0,-1,0.2,0.045454545454545456
1253,12,2,13,1,1,1.0,1,0.15384615384615385,0.16666666666666666
4015,7,1,2,0,0,0.0,0,0.5,0.14285714285714285
8244,4,1,4,-1,-1,-1.0,-1,0.25,0.25
1136,18,1,6,1,1,1.0,1,0.16666666666666666,0.05555555555555555
7903,1150,176,557,-1,5,0.18181818181818182,0,0.31597845601436264,0.15304347826086956
5474,13,1,15,10,10,10.0,10,0.06666666666666667,0.07692307692307693
2691,284,31,186,0,10,0.9032258064516129,0,0.16666666666666666,0.10915492957746478
8216,21,9,51,-1,0,-0.8888888888888888,-1,0.17647058823529413,0.42857142857142855
3527,232,16,77,0,10,1.75,0,0.2077922077922078,0.06896551724137931
6333,26,2,14,0,0,0.0,0,0.14285714285714285,0.07692307692307693
1052,20,2,13,3,3,3.0,3,0.15384615384615385,0.1
4638,27,3,25,0,0,0.0,0,0.12,0.1111111111111111
5210,15,2,9,0,0,0.0,0,0.2222222222222222,0.13333333333333333
3310,8,1,4,0,0,0.0,0,0.25,0.125
5688,33,2,43,1,1,1.0,1,0.046511627906976744,0.06060606060606061
2834,13,1,1,-1,-1,-1.0,-1,1.0,0.07692307692307693
6166,2,2,7,-1,-1,-1.0,-1,0.2857142857142857,1.0
4195,1163,124,785,-1,10,0.3951612903225806,0,0.15796178343949044,0.10662080825451418
4037,9,2,20,2,2,2.0,2,0.1,0.2222222222222222
1194,40,8,56,0,0,0.0,0,0.14285714285714285,0.2
6195,126,12,112,-1,10,3.75,1,0.10714285714285714,0.09523809523809523
6531,11,2,12,0,10,5.0,0,0.16666666666666666,0.18181818181818182
6582,109,2,32,0,1,0.5,0,0.0625,0.01834862385321101
2438,124,3,15,-1,0,-0.6666666666666666,-1,0.2,0.024193548387096774
3898,24,3,28,1,1,1.0,1,0.10714285714285714,0.125
6279,144,3,7,0,1,0.3333333333333333,0,0.42857142857142855,0.020833333333333332
6876,10,1,3,0,0,0.0,0,0.3333333333333333,0.1
1793,54,6,22,-1,0,-0.6666666666666666,-1,0.2727272727272727,0.1111111111111111
1750,26,2,11,10,10,10.0,10,0.18181818181818182,0.07692307692307693
7979,14,1,6,1,1,1.0,1,0.16666666666666666,0.07142857142857142
1732,342,14,66,-1,7,1.0,0,0.21212121212121213,0.04093567251461988
4885,233,81,204,-1,10,0.5061728395061729,0,0.39705882352941174,0.34763948497854075
3766,21,2,8,0,0,0.0,0,0.25,0.09523809523809523
4348,9,3,11,0,0,0.0,0,0.2727272727272727,0.3333333333333333
2106,69,4,33,0,2,0.5,0,0.12121212121212122,0.057971014492753624
5329,12,2,10,0,0,0.0,0,0.2,0.16666666666666666
1576,19,1,4,0,0,0.0,0,0.25,0.05263157894736842
615,15,1,6,0,0,0.0,0,0.16666666666666666,0.06666666666666667
6877,4,1,1,4,4,4.0,4,1.0,0.25
7213,117,12,62,-1,7,1.8333333333333333,0,0.1935483870967742,0.10256410256410256
1654,83,12,37,0,5,0.8333333333333334,0,0.32432432432432434,0.14457831325301204
775,243,21,100,-1,1,0.14285714285714285,0,0.21,0.08641975308641975
6670,8,1,10,0,0,0.0,0,0.1,0.125
3074,8,1,5,9,9,9.0,9,0.2,0.125
1132,14,2,2,3,5,4.0,3,1.0,0.14285714285714285
1182,98,5,17,0,4,0.8,0,0.29411764705882354,0.05102040816326531
6935,24,2,4,0,4,2.0,0,0.5,0.08333333333333333
2019,30,1,7,0,0,0.0,0,0.14285714285714285,0.03333333333333333
8177,14,1,7,3,3,3.0,3,0.14285714285714285,0.07142857142857142
165,34,3,12,0,0,0.0,0,0.25,0.08823529411764706
1240,5,3,8,10,10,10.0,10,0.375,0.6
2764,5,1,8,0,0,0.0,0,0.125,0.2
8605,15,2,3,0,0,0.0,0,0.6666666666666666,0.13333333333333333
1091,5,1,3,-1,-1,-1.0,-1,0.3333333333333333,0.2
5044,8,1,1,0,0,0.0,0,1.0,0.125
3401,2,1,1,0,0,0.0,0,1.0,0.5
2036,119,14,215,-1,3,0.2857142857142857,0,0.06511627906976744,0.11764705882352941
1286,16,3,6,0,2,1.3333333333333333,2,0.5,0.1875
2620,12,1,4,0,0,0.0,0,0.25,0.08333333333333333
854,12,1,10,4,4,4.0,4,0.1,0.08333333333333333
8519,10,1,7,0,0,0.0,0,0.14285714285714285,0.1
2157,4,1,8,0,0,0.0,0,0.125,0.25
7428,151,7,84,-1,1,-0.14285714285714285,0,0.08333333333333333,0.046357615894039736
4930,18,2,18,0,0,0.0,0,0.1111111111111111,0.1111111111111111
8510,30,6,34,0,1,0.8333333333333334,1,0.17647058823529413,0.2
1950,50,1,29,1,1,1.0,1,0.034482758620689655,0.02
189,9,1,9,0,0,0.0,0,0.1111111111111111,0.1111111111111111
5124,50,1,17,0,0,0.0,0,0.058823529411764705,0.02
207,23,1,28,-1,-1,-1.0,-1,0.03571428571428571,0.043478260869565216
2876,1,1,1,-1,-1,-1.0,-1,1.0,1.0
6647,13,1,2,0,0,0.0,0,0.5,0.07692307692307693
2241,54,2,21,0,1,0.5,0,0.09523809523809523,0.037037037037037035
5043,7,1,5,0,0,0.0,0,0.2,0.14285714285714285
3717,52,4,38,0,0,0.0,0,0.10526315789473684,0.07692307692307693
8212,19,4,13,-1,0,-0.25,0,0.3076923076923077,0.21052631578947367
2267,17,1,18,10,10,10.0,10,0.05555555555555555,0.058823529411764705
1310,23,1,10,0,0,0.0,0,0.1,0.043478260869565216
316,3,1,1,4,4,4.0,4,1.0,0.3333333333333333
523,12,2,3,0,0,0.0,0,0.6666666666666666,0.16666666666666666
5618,10,1,11,0,0,0.0,0,0.09090909090909091,0.1
5288,5,1,3,0,0,0.0,0,0.3333333333333333,0.2
2067,16,1,23,0,0,0.0,0,0.043478260869565216,0.0625
4808,241,11,51,0,0,0.0,0,0.21568627450980393,0.04564315352697095
7907,11,2,10,0,3,1.5,0,0.2,0.18181818181818182
6085,59,4,55,0,10,2.75,0,0.07272727272727272,0.06779661016949153
6747,10,1,7,0,0,0.0,0,0.14285714285714285,0.1
3410,8,2,4,0,0,0.0,0,0.5,0.25
4542,13,2,7,0,10,5.0,0,0.2857142857142857,0.15384615384615385
979,18,6,10,1,1,1.0,1,0.6,0.3333333333333333
1725,13,1,5,0,0,0.0,0,0.2,0.07692307692307693
4485,3,2,3,-1,2,0.5,-1,0.6666666666666666,0.6666666666666666
7648,101,15,52,-1,1,0.8,1,0.28846153846153844,0.1485148514851485
547,41,2,12,-1,10,4.5,-1,0.16666666666666666,0.04878048780487805
6631,80,9,62,-1,10,2.3333333333333335,2,0.14516129032258066,0.1125
1271,10,1,6,0,0,0.0,0,0.16666666666666666,0.1
6277,15,3,10,2,10,7.333333333333333,10,0.3,0.2
1216,5,5,6,-1,-1,-1.0,-1,0.8333333333333334,1.0
6901,4459,238,2662,-1,10,0.4957983193277311,0,0.08940646130728776,0.05337519623233909
6540,35,1,30,0,0,0.0,0,0.03333333333333333,0.02857142857142857
3773,41,1,6,-1,-1,-1.0,-1,0.16666666666666666,0.024390243902439025
1736,9,3,3,10,10,10.0,10,1.0,0.3333333333333333
2589,5,2,3,-1,10,4.5,-1,0.6666666666666666,0.4
564,15,4,20,-1,0,-0.25,0,0.2,0.26666666666666666
6006,14,1,8,3,3,3.0,3,0.125,0.07142857142857142
6797,33,1,6,0,0,0.0,0,0.16666666666666666,0.030303030303030304
2279,45,3,9,0,0,0.0,0,0.3333333333333333,0.06666666666666667
6009,8,1,6,10,10,10.0,10,0.16666666666666666,0.125
107,6,3,4,6,6,6.0,6,0.75,0.5
891,1,1,1,-1,-1,-1.0,-1,1.0,1.0
1520,190,190,1214,-1,-1,-1.0,-1,0.15650741350906094,1.0
17,17,1,3,1,1,1.0,1,0.3333333333333333,0.058823529411764705
7612,93,7,83,-1,10,2.7142857142857144,3,0.08433734939759036,0.07526881720430108
8632,35,1,17,1,1,1.0,1,0.058823529411764705,0.02857142857142857
3298,72,6,66,-1,7,1.1666666666666667,0,0.09090909090909091,0.08333333333333333
5423,63,1,25,0,0,0.0,0,0.04,0.015873015873015872
2403,21,5,13,0,0,0.0,0,0.38461538461538464,0.23809523809523808
8269,30,6,25,0,10,2.5,1,0.24,0.2
4511,56,1,12,0,0,0.0,0,0.08333333333333333,0.017857142857142856
1219,10,1,6,0,0,0.0,0,0.16666666666666666,0.1
4946,4,1,1,0,0,0.0,0,1.0,0.25
3562,3,3,22,-1,-1,-1.0,-1,0.13636363636363635,1.0
4576,23,8,9,3,10,5.0,3,0.8888888888888888,0.34782608695652173
5257,22,1,13,3,3,3.0,3,0.07692307692307693,0.045454545454545456
4812,2,1,2,2,2,2.0,2,0.5,0.5
3141,1,1,1,0,0,0.0,0,1.0,1.0
3779,9,1,8,-1,-1,-1.0,-1,0.125,0.1111111111111111
7515,30,2,9,0,0,0.0,0,0.2222222222222222,0.06666666666666667
7260,6,1,2,1,1,1.0,1,0.5,0.16666666666666666
2164,7,3,7,0,0,0.0,0,0.42857142857142855,0.42857142857142855
5801,1,1,6,-1,-1,-1.0,-1,0.16666666666666666,1.0
324,5,4,6,10,10,10.0,10,0.6666666666666666,0.8
5348,1,1,3,-1,-1,-1.0,-1,0.3333333333333333,1.0
8533,56,2,57,0,0,0.0,0,0.03508771929824561,0.03571428571428571
286,119,3,136,-1,0,-0.3333333333333333,0,0.022058823529411766,0.025210084033613446
1403,48,1,30,0,0,0.0,0,0.03333333333333333,0.020833333333333332
2598,1,1,9,-1,-1,-1.0,-1,0.1111111111111111,1.0
4912,93,1,48,10,10,10.0,10,0.020833333333333332,0.010752688172043012
398,73,16,432,-1,10,3.0625,3,0.037037037037037035,0.2191780821917808
5800,50,1,18,0,0,0.0,0,0.05555555555555555,0.02
2107,96,2,22,-1,9,4.0,-1,0.09090909090909091,0.020833333333333332
3114,15,5,6,0,0,0.0,0,0.8333333333333334,0.3333333333333333
2269,19,1,5,0,0,0.0,0,0.2,0.05263157894736842
1778,18,3,10,0,0,0.0,0,0.3,0.16666666666666666
2244,3,1,13,0,0,0.0,0,0.07692307692307693,0.3333333333333333
6106,189,9,185,-1,2,0.5555555555555556,1,0.04864864864864865,0.047619047619047616
2089,18,2,11,1,6,3.5,1,0.18181818181818182,0.1111111111111111
5664,38,7,23,-1,0,-0.14285714285714285,0,0.30434782608695654,0.18421052631578946
8246,46,4,14,-1,0,-0.25,0,0.2857142857142857,0.08695652173913043
5421,3,1,1,0,0,0.0,0,1.0,0.3333333333333333
175,133,16,72,0,10,5.0,0,0.2222222222222222,0.12030075187969924
1118,14,3,31,1,1,1.0,1,0.0967741935483871,0.21428571428571427
3897,41,3,36,2,3,2.6666666666666665,3,0.08333333333333333,0.07317073170731707
2206,21,1,3,1,1,1.0,1,0.3333333333333333,0.047619047619047616
7953,10,3,11,0,1,0.3333333333333333,0,0.2727272727272727,0.3
3958,41,6,15,0,8,2.6666666666666665,0,0.4,0.14634146341463414
7688,4,1,1,0,0,0.0,0,1.0,0.25
6573,11,6,12,-1,0,-0.8333333333333334,-1,0.5,0.5454545454545454
1072,252,22,253,-1,10,2.590909090909091,0,0.08695652173913043,0.0873015873015873
2080,165,10,91,-1,4,1.0,0,0.10989010989010989,0.06060606060606061
503,53,5,33,-1,10,2.4,0,0.15151515151515152,0.09433962264150944
7031,1,1,4,10,10,10.0,10,0.25,1.0
3499,46,3,45,-1,1,0.0,0,0.06666666666666667,0.06521739130434782
3900,1,1,2,0,0,0.0,0,0.5,1.0
3468,28,3,19,0,0,0.0,0,0.15789473684210525,0.10714285714285714
6285,3,2,10,-1,-1,-1.0,-1,0.2,0.6666666666666666
1379,2680,314,1536,-1,10,0.6114649681528662,0,0.20442708333333334,0.11716417910447761
5032,39,1,55,0,0,0.0,0,0.01818181818181818,0.02564102564102564
4577,66,2,52,2,3,2.5,2,0.038461538461538464,0.030303030303030304
4184,16,3,12,0,0,0.0,0,0.25,0.1875
5972,8,2,4,0,0,0.0,0,0.5,0.25
2875,5,1,3,0,0,0.0,0,0.3333333333333333,0.2
3854,8,1,1,5,5,5.0,5,1.0,0.125
1386,1,1,1,0,0,0.0,0,1.0,1.0
1932,1,1,1,10,10,10.0,10,1.0,1.0
4274,1,1,5,-1,-1,-1.0,-1,0.2,1.0
739,1,1,1,-1,-1,-1.0,-1,1.0,1.0
2099,3407,895,7351,-1,10,0.8916201117318435,0,0.12175214256563732,0.26269445259759316
7605,384,61,264,-1,10,0.7868852459016393,0,0.23106060606060605,0.15885416666666666
2667,147,12,82,0,1,0.16666666666666666,0,0.14634146341463414,0.08163265306122448
8651,45,1,25,0,0,0.0,0,0.04,0.022222222222222223
3102,4,4,14,-1,-1,-1.0,-1,0.2857142857142857,1.0
5704,61,2,22,1,2,1.5,1,0.09090909090909091,0.03278688524590164
4855,4,1,2,0,0,0.0,0,0.5,0.25
742,171,12,48,-1,2,0.16666666666666666,0,0.25,0.07017543859649122
6539,38,8,37,0,10,1.875,1,0.21621621621621623,0.21052631578947367
1377,14,2,10,-1,1,0.0,-1,0.2,0.14285714285714285
6693,19,3,3,3,3,3.0,3,1.0,0.15789473684210525
8299,7,1,1,0,0,0.0,0,1.0,0.14285714285714285
5558,12,1,1,0,0,0.0,0,1.0,0.08333333333333333
8746,8,4,13,0,10,2.5,0,0.3076923076923077,0.5
4840,10,5,6,6,6,6.0,6,0.8333333333333334,0.5
1945,1708,125,676,-1,10,0.08,0,0.1849112426035503,0.07318501170960187
2855,18,2,7,-1,2,0.5,-1,0.2857142857142857,0.1111111111111111
196,5,1,5,2,2,2.0,2,0.2,0.2
7086,25,2,19,0,0,0.0,0,0.10526315789473684,0.08
4440,6,1,1,0,0,0.0,0,1.0,0.16666666666666666
3710,1705,237,1211,-1,10,0.6118143459915611,0,0.19570602807597026,0.13900293255131965
1735,138,12,250,0,7,1.9166666666666667,1,0.048,0.08695652173913043
3971,39,3,19,1,1,1.0,1,0.15789473684210525,0.07692307692307693
5630,58,6,14,2,2,2.0,2,0.42857142857142855,0.10344827586206896
7388,4,1,2,5,5,5.0,5,0.5,0.25
7724,92,10,105,0,10,1.4,0,0.09523809523809523,0.10869565217391304
4345,10,1,6,10,10,10.0,10,0.16666666666666666,0.1
800,10,2,17,4,4,4.0,4,0.11764705882352941,0.2
6405,73,5,49,0,10,3.8,2,0.10204081632653061,0.0684931506849315
6089,18,1,12,0,0,0.0,0,0.08333333333333333,0.05555555555555555
6031,9,1,8,1,1,1.0,1,0.125,0.1111111111111111
8292,122,9,29,0,0,0.0,0,0.3103448275862069,0.07377049180327869
7632,19,1,2,-1,-1,-1.0,-1,0.5,0.05263157894736842
6454,1024,63,8499,-1,10,0.7301587301587301,0,0.007412636780797741,0.0615234375
3513,29,4,19,0,0,0.0,0,0.21052631578947367,0.13793103448275862
3273,9,1,8,1,1,1.0,1,0.125,0.1111111111111111
1037,38,7,23,0,10,2.142857142857143,1,0.30434782608695654,0.18421052631578946
3326,18,1,16,0,0,0.0,0,0.0625,0.05555555555555555
7872,16,1,14,0,0,0.0,0,0.07142857142857142,0.0625
4613,8,1,5,0,0,0.0,0,0.2,0.125
5956,7,1,5,-1,-1,-1.0,-1,0.2,0.14285714285714285
1096,15,2,12,-1,0,-0.5,-1,0.16666666666666666,0.13333333333333333
823,4,2,2,0,0,0.0,0,1.0,0.5
6369,21,1,3,0,0,0.0,0,0.3333333333333333,0.047619047619047616
2081,20,1,7,0,0,0.0,0,0.14285714285714285,0.05
7268,4,1,5,2,2,2.0,2,0.2,0.25
307,2,1,4,10,10,10.0,10,0.25,0.5
2970,2492,164,2400,-1,10,2.2865853658536586,1,0.06833333333333333,0.06581059390048154
8425,7,3,11,0,0,0.0,0,0.2727272727272727,0.42857142857142855
890,4,1,5,1,1,1.0,1,0.2,0.25
3660,13,2,12,0,0,0.0,0,0.16666666666666666,0.15384615384615385
173,60,14,33,0,5,0.7857142857142857,0,0.42424242424242425,0.23333333333333334
278,2,1,1,1,1,1.0,1,1.0,0.5
7785,25,1,18,3,3,3.0,3,0.05555555555555555,0.04
3170,24,2,25,3,3,3.0,3,0.08,0.08333333333333333
2046,44,5,826,-1,0,-0.6,-1,0.006053268765133172,0.11363636363636363
6175,67,6,20,0,0,0.0,0,0.3,0.08955223880597014
6280,17,2,3,0,0,0.0,0,0.6666666666666666,0.11764705882352941
8069,33,1,12,0,0,0.0,0,0.08333333333333333,0.030303030303030304
6348,18,2,6,0,3,1.5,0,0.3333333333333333,0.1111111111111111
1779,3,1,2,0,0,0.0,0,0.5,0.3333333333333333
1318,2,1,3,-1,-1,-1.0,-1,0.3333333333333333,0.5
5608,12,8,16,-1,7,0.0,-1,0.5,0.6666666666666666
8027,9,1,7,0,0,0.0,0,0.14285714285714285,0.1111111111111111
2993,31,1,7,0,0,0.0,0,0.14285714285714285,0.03225806451612903
4573,2,1,3,0,0,0.0,0,0.3333333333333333,0.5
3229,6,1,7,0,0,0.0,0,0.14285714285714285,0.16666666666666666
450,3795,386,14673,-1,10,0.6632124352331606,0,0.026306822054112996,0.10171277997364954
4299,7,1,6,0,0,0.0,0,0.16666666666666666,0.14285714285714285
4601,7,1,1,5,5,5.0,5,1.0,0.14285714285714285
4248,11,1,4,1,1,1.0,1,0.25,0.09090909090909091
6212,9,2,10,0,0,0.0,0,0.2,0.2222222222222222
4066,10,1,5,1,1,1.0,1,0.2,0.1
5276,11,1,1,0,0,0.0,0,1.0,0.09090909090909091
449,17,3,4,0,0,0.0,0,0.75,0.17647058823529413
1256,18,1,6,0,0,0.0,0,0.16666666666666666,0.05555555555555555
555,13,1,7,4,4,4.0,4,0.14285714285714285,0.07692307692307693
687,5,1,4,0,0,0.0,0,0.25,0.2
5369,1,1,9,-1,-1,-1.0,-1,0.1111111111111111,1.0
6892,9,2,6,0,0,0.0,0,0.3333333333333333,0.2222222222222222
6816,10,6,19,0,0,0.0,0,0.3157894736842105,0.6
1169,1427,202,681,-1,10,0.806930693069307,0,0.2966226138032305,0.14155571128241065
2854,88,5,213,0,5,1.4,1,0.023474178403755867,0.056818181818181816
5602,19,1,19,0,0,0.0,0,0.05263157894736842,0.05263157894736842
2440,19,2,9,0,0,0.0,0,0.2222222222222222,0.10526315789473684
1315,2,1,1,1,1,1.0,1,1.0,0.5
6198,7,1,2,1,1,1.0,1,0.5,0.14285714285714285
7354,477,6,228,0,1,0.16666666666666666,0,0.02631578947368421,0.012578616352201259
380,881,67,306,-1,3,0.11940298507462686,0,0.21895424836601307,0.07604994324631101
1041,931,70,861,-1,10,1.4428571428571428,0,0.08130081300813008,0.07518796992481203
7011,540,49,251,-1,10,0.2857142857142857,0,0.1952191235059761,0.09074074074074075
7487,140,8,265,0,10,1.25,0,0.03018867924528302,0.05714285714285714
5596,163,24,64,-1,1,-0.125,0,0.375,0.147239263803681
672,31,5,7,-1,4,0.6,0,0.7142857142857143,0.16129032258064516
1614,254,45,58,-1,10,2.933333333333333,0,0.7758620689655172,0.17716535433070865
1717,3,3,5,-1,-1,-1.0,-1,0.6,1.0
4369,9,1,7,5,5,5.0,5,0.14285714285714285,0.1111111111111111
736,4,2,3,10,10,10.0,10,0.6666666666666666,0.5
1287,2,2,12,-1,-1,-1.0,-1,0.16666666666666666,1.0
5022,4,1,11,1,1,1.0,1,0.09090909090909091,0.25
176,18,1,3,1,1,1.0,1,0.3333333333333333,0.05555555555555555
2436,3933,120,3245,-1,10,1.125,0,0.03697996918335902,0.03051106025934401
6570,6,2,7,0,0,0.0,0,0.2857142857142857,0.3333333333333333
877,102,1,22,0,0,0.0,0,0.045454545454545456,0.00980392156862745
6760,17,1,7,3,3,3.0,3,0.14285714285714285,0.058823529411764705
7646,31,5,37,-1,4,1.0,0,0.13513513513513514,0.16129032258064516
4909,27,5,17,-1,2,0.2,0,0.29411764705882354,0.18518518518518517
7773,3,1,3,0,0,0.0,0,0.3333333333333333,0.3333333333333333
6574,13,1,10,0,0,0.0,0,0.1,0.07692307692307693
2756,20,3,12,0,0,0.0,0,0.25,0.15
162,9,1,1,0,0,0.0,0,1.0,0.1111111111111111
6434,364,24,104,-1,10,2.75,1,0.23076923076923078,0.06593406593406594
7921,462,20,254,-1,1,0.0,0,0.07874015748031496,0.04329004329004329
958,52,5,17,-1,10,3.6,1,0.29411764705882354,0.09615384615384616
6388,28,4,27,10,10,10.0,10,0.14814814814814814,0.14285714285714285
2070,21,10,18,0,0,0.0,0,0.5555555555555556,0.47619047619047616
6224,30,4,12,0,0,0.0,0,0.3333333333333333,0.13333333333333333
1498,31,2,13,-1,10,4.5,-1,0.15384615384615385,0.06451612903225806
2136,3,1,1,-1,-1,-1.0,-1,1.0,0.3333333333333333
2104,58,1,27,-1,-1,-1.0,-1,0.037037037037037035,0.017241379310344827
7483,876,182,587,-1,10,0.2692307692307692,0,0.3100511073253833,0.20776255707762556
3389,28,1,19,5,5,5.0,5,0.05263157894736842,0.03571428571428571
1422,17,7,7,0,0,0.0,0,1.0,0.4117647058823529
7378,2,1,2,1,1,1.0,1,0.5,0.5
5481,26,2,14,0,10,5.0,0,0.14285714285714285,0.07692307692307693
5627,17,1,7,0,0,0.0,0,0.14285714285714285,0.058823529411764705
3251,633,40,702,-1,10,1.525,0,0.05698005698005698,0.0631911532385466
2940,12,7,8,0,0,0.0,0,0.875,0.5833333333333334
1810,45,2,54,0,0,0.0,0,0.037037037037037035,0.044444444444444446
2399,14,2,14,0,0,0.0,0,0.14285714285714285,0.14285714285714285
314,51,1,52,0,0,0.0,0,0.019230769230769232,0.0196078431372549
3158,13,1,10,10,10,10.0,10,0.1,0.07692307692307693
5658,4,1,1,0,0,0.0,0,1.0,0.25
7909,52,6,342,0,1,0.16666666666666666,0,0.017543859649122806,0.11538461538461539
4045,5,1,3,0,0,0.0,0,0.3333333333333333,0.2
5866,29,1,20,6,6,6.0,6,0.05,0.034482758620689655
6713,39,15,27,0,1,0.13333333333333333,0,0.5555555555555556,0.38461538461538464
7799,23,2,16,-1,0,-0.5,-1,0.125,0.08695652173913043
4058,5,1,1,-1,-1,-1.0,-1,1.0,0.2
6276,5,2,3,0,0,0.0,0,0.6666666666666666,0.4
5549,9,1,7,0,0,0.0,0,0.14285714285714285,0.1111111111111111
8068,3,1,2,0,0,0.0,0,0.5,0.3333333333333333
4377,103,16,59,-1,10,1.0625,0,0.2711864406779661,0.1553398058252427
171,859,141,719,-1,10,0.5177304964539007,0,0.19610570236439498,0.16414435389988358
2873,17,3,8,0,0,0.0,0,0.375,0.17647058823529413
2429,9,1,3,0,0,0.0,0,0.3333333333333333,0.1111111111111111
3164,34,2,8,0,0,0.0,0,0.25,0.058823529411764705
1620,37,2,26,0,0,0.0,0,0.07692307692307693,0.05405405405405406
5903,3,1,2,3,3,3.0,3,0.5,0.3333333333333333
3516,2,1,3,-1,-1,-1.0,-1,0.3333333333333333,0.5
273,2,1,31,3,3,3.0,3,0.03225806451612903,0.5
7884,950,114,1644,-1,10,0.6228070175438597,0,0.06934306569343066,0.12
5408,85,3,77,-1,0,-0.3333333333333333,0,0.03896103896103896,0.03529411764705882
2333,33,1,31,0,0,0.0,0,0.03225806451612903,0.030303030303030304
994,24,2,10,0,10,5.0,0,0.2,0.08333333333333333
194,21,1,2,2,2,2.0,2,0.5,0.047619047619047616
2262,7,4,9,-1,1,0.25,0,0.4444444444444444,0.5714285714285714
4124,13,3,5,4,6,5.333333333333333,6,0.6,0.23076923076923078
1963,6,1,8,6,6,6.0,6,0.125,0.16666666666666666
391,133,4,73,0,2,0.75,0,0.0547945205479452,0.03007518796992481
6168,19,1,20,2,2,2.0,2,0.05,0.05263157894736842
3038,29,1,3,0,0,0.0,0,0.3333333333333333,0.034482758620689655
2863,21,1,2,0,0,0.0,0,0.5,0.047619047619047616
3052,2,1,6,2,2,2.0,2,0.16666666666666666,0.5
6189,390,48,150,-1,4,0.0,0,0.32,0.12307692307692308
129,570,4,20,0,2,1.0,0,0.2,0.007017543859649123
8313,2,2,4,-1,-1,-1.0,-1,0.5,1.0
6788,7,2,3,0,0,0.0,0,0.6666666666666666,0.2857142857142857
69,15,1,1,0,0,0.0,0,1.0,0.06666666666666667
1200,1,1,2,0,0,0.0,0,0.5,1.0
2345,111,31,61,-1,10,0.7741935483870968,0,0.5081967213114754,0.27927927927927926
4180,46,1,30,0,0,0.0,0,0.03333333333333333,0.021739130434782608
5261,35,2,37,1,5,3.0,1,0.05405405405405406,0.05714285714285714
543,16,1,5,0,0,0.0,0,0.2,0.0625
2585,12,2,10,0,0,0.0,0,0.2,0.16666666666666666
8607,5,1,1,1,1,1.0,1,1.0,0.2
1001,8,1,2,-1,-1,-1.0,-1,0.5,0.125
2258,14,1,17,0,0,0.0,0,0.058823529411764705,0.07142857142857142
1876,2,2,9,-1,-1,-1.0,-1,0.2222222222222222,1.0
4142,3441,531,722,-1,10,0.5141242937853108,0,0.7354570637119113,0.15431560592850915
4433,61,61,1137,-1,-1,-1.0,-1,0.05364995602462621,1.0
7279,55,29,54,0,10,3.0,0,0.5370370370370371,0.5272727272727272
8661,38,4,39,0,3,2.25,3,0.10256410256410256,0.10526315789473684
5362,39,3,25,1,1,1.0,1,0.12,0.07692307692307693
7805,19,3,18,-1,8,4.666666666666667,7,0.16666666666666666,0.15789473684210525
3656,30,2,14,0,0,0.0,0,0.14285714285714285,0.06666666666666667
4431,14,3,5,3,10,6.0,5,0.6,0.21428571428571427
4968,35,1,1,0,0,0.0,0,1.0,0.02857142857142857
6724,4,1,4,4,4,4.0,4,0.25,0.25
1965,8,1,6,0,0,0.0,0,0.16666666666666666,0.125
1791,15,2,4,0,0,0.0,0,0.5,0.13333333333333333
5711,3,1,4,-1,-1,-1.0,-1,0.25,0.3333333333333333
4123,8,1,6,0,0,0.0,0,0.16666666666666666,0.125
6064,1,1,1,3,3,3.0,3,1.0,1.0
5717,1445,66,1144,-1,10,1.1363636363636365,1,0.057692307692307696,0.045674740484429065
2020,123,9,345,-1,10,3.6666666666666665,3,0.02608695652173913,0.07317073170731707
1905,86,19,80,-1,3,0.6842105263157895,0,0.2375,0.22093023255813954
6809,13,1,8,1,1,1.0,1,0.125,0.07692307692307693
2358,10,1,11,1,1,1.0,1,0.09090909090909091,0.1
239,7,1,4,10,10,10.0,10,0.25,0.14285714285714285
8336,5,1,2,10,10,10.0,10,0.5,0.2
6231,7,2,4,0,2,1.0,0,0.5,0.2857142857142857
6856,5,1,9,7,7,7.0,7,0.1111111111111111,0.2
389,6,3,8,0,0,0.0,0,0.375,0.5
5136,28,5,25,0,10,2.8,2,0.2,0.17857142857142858
7438,69,35,184,0,4,0.11428571428571428,0,0.19021739130434784,0.5072463768115942
4661,126,5,19,0,0,0.0,0,0.2631578947368421,0.03968253968253968
8441,60,14,36,-1,10,1.9285714285714286,0,0.3888888888888889,0.23333333333333334
2853,7,1,3,2,2,2.0,2,0.3333333333333333,0.14285714285714285
2512,7,1,5,1,1,1.0,1,0.2,0.14285714285714285
8066,4,2,4,5,10,7.5,5,0.5,0.5
4845,2,2,3,1,2,1.5,1,0.6666666666666666,1.0
779,35,5,26,0,1,0.2,0,0.19230769230769232,0.14285714285714285
4894,20,2,6,0,0,0.0,0,0.3333333333333333,0.1
4599,15,2,2,0,0,0.0,0,1.0,0.13333333333333333
3101,134,4,64,0,0,0.0,0,0.0625,0.029850746268656716
395,9,1,1,0,0,0.0,0,1.0,0.1111111111111111
7841,31,1,7,0,0,0.0,0,0.14285714285714285,0.03225806451612903
1738,4,1,4,1,1,1.0,1,0.25,0.25
8113,4,1,1,0,0,0.0,0,1.0,0.25
4687,101,6,29,-1,4,1.1666666666666667,1,0.20689655172413793,0.0594059405940594
7397,40,5,31,0,0,0.0,0,0.16129032258064516,0.125
4062,15,1,6,0,0,0.0,0,0.16666666666666666,0.06666666666666667
4164,7,1,3,0,0,0.0,0,0.3333333333333333,0.14285714285714285
7656,4,2,4,0,0,0.0,0,0.5,0.5
1625,2,1,1,0,0,0.0,0,1.0,0.5
6200,3,3,8,-1,-1,-1.0,-1,0.375,1.0
1443,28,5,19,0,6,1.4,0,0.2631578947368421,0.17857142857142858
3597,185,27,110,-1,5,0.14814814814814814,0,0.24545454545454545,0.14594594594594595
7721,24,1,28,1,1,1.0,1,0.03571428571428571,0.041666666666666664
4981,32,1,1,1,1,1.0,1,1.0,0.03125
2120,6,1,11,3,3,3.0,3,0.09090909090909091,0.16666666666666666
4734,8,1,6,0,0,0.0,0,0.16666666666666666,0.125
8366,54,3,22,0,9,3.0,0,0.13636363636363635,0.05555555555555555
1459,5,1,2,0,0,0.0,0,0.5,0.2
77,19,1,2,0,0,0.0,0,0.5,0.05263157894736842
2226,15,1,6,1,1,1.0,1,0.16666666666666666,0.06666666666666667
4676,8,1,8,1,1,1.0,1,0.125,0.125
5113,120,2,389,0,0,0.0,0,0.005141388174807198,0.016666666666666666
3855,20,3,20,4,6,5.333333333333333,6,0.15,0.15
4673,30,6,23,0,4,1.1666666666666667,0,0.2608695652173913,0.2
4292,20,3,8,1,7,3.0,1,0.375,0.15
7392,3,1,2,0,0,0.0,0,0.5,0.3333333333333333
3518,101,3,69,-1,8,3.6666666666666665,4,0.043478260869565216,0.0297029702970297
3807,168,10,59,0,1,0.2,0,0.1694915254237288,0.05952380952380952
3168,24,1,19,10,10,10.0,10,0.05263157894736842,0.041666666666666664
4805,108,2,13,0,0,0.0,0,0.15384615384615385,0.018518518518518517
6184,9,1,18,0,0,0.0,0,0.05555555555555555,0.1111111111111111
4814,4,3,6,-1,-1,-1.0,-1,0.5,0.75
3998,13,2,4,5,5,5.0,5,0.5,0.15384615384615385
7932,6,1,7,0,0,0.0,0,0.14285714285714285,0.16666666666666666
2954,6,1,1,0,0,0.0,0,1.0,0.16666666666666666
1414,6,1,4,1,1,1.0,1,0.25,0.16666666666666666
3982,5,1,15,0,0,0.0,0,0.06666666666666667,0.2
6144,18,1,9,0,0,0.0,0,0.1111111111111111,0.05555555555555555
7183,4,1,7,3,3,3.0,3,0.14285714285714285,0.25
8223,3,3,10,-1,-1,-1.0,-1,0.3,1.0
4759,21,5,14,0,0,0.0,0,0.35714285714285715,0.23809523809523808
2671,7,2,3,0,8,4.0,0,0.6666666666666666,0.2857142857142857
1442,3,1,5,1,1,1.0,1,0.2,0.3333333333333333
1715,717,79,929,-1,7,1.2658227848101267,0,0.08503767491926803,0.1101813110181311
5356,54,9,24,-1,1,0.1111111111111111,0,0.375,0.16666666666666666
5557,48,7,50,0,3,0.5714285714285714,0,0.14,0.14583333333333334
6535,16,2,15,0,10,5.0,0,0.13333333333333333,0.125
2309,10,1,9,0,0,0.0,0,0.1111111111111111,0.1
8093,17,1,17,0,0,0.0,0,0.058823529411764705,0.058823529411764705
5172,10,1,8,0,0,0.0,0,0.125,0.1
8580,297,42,309,-1,10,1.0,0,0.13592233009708737,0.1414141414141414
4579,1011,40,146,-1,9,1.125,0,0.273972602739726,0.03956478733926805
8181,1770,201,3098,-1,10,0.31840796019900497,0,0.06488056810845706,0.1135593220338983
1320,60,7,40,0,3,1.2857142857142858,1,0.175,0.11666666666666667
6767,25,3,3,0,0,0.0,0,1.0,0.12
8660,219,11,88,-1,0,-0.2727272727272727,0,0.125,0.0502283105022831
3182,133,5,54,-1,1,0.0,0,0.09259259259259259,0.03759398496240601
3646,23,6,18,-1,5,2.5,2,0.3333333333333333,0.2608695652173913
4395,12,5,6,4,4,4.0,4,0.8333333333333334,0.4166666666666667
6853,9,2,2,0,1,0.5,0,1.0,0.2222222222222222
6513,63,7,100,0,6,1.4285714285714286,0,0.07,0.1111111111111111
2889,19,1,4,0,0,0.0,0,0.25,0.05263157894736842
7958,16,5,60,3,3,3.0,3,0.08333333333333333,0.3125
1655,7,1,6,10,10,10.0,10,0.16666666666666666,0.14285714285714285
2722,28,1,1,0,0,0.0,0,1.0,0.03571428571428571
2737,19,2,3,0,0,0.0,0,0.6666666666666666,0.10526315789473684
7963,24,6,24,2,10,4.666666666666667,2,0.25,0.25
7706,273,7,205,0,6,1.2857142857142858,0,0.03414634146341464,0.02564102564102564
5138,304,21,110,0,8,1.2857142857142858,1,0.19090909090909092,0.06907894736842106
3692,1,1,1,-1,-1,-1.0,-1,1.0,1.0
5689,20,1,11,0,0,0.0,0,0.09090909090909091,0.05
6501,8,1,11,0,0,0.0,0,0.09090909090909091,0.125
2378,18,1,1,0,0,0.0,0,1.0,0.05555555555555555
7534,18,1,10,2,2,2.0,2,0.1,0.05555555555555555
4586,6,2,4,0,0,0.0,0,0.5,0.3333333333333333
5106,80,11,62,-1,10,1.0909090909090908,0,0.1774193548387097,0.1375
288,1,1,44,-1,-1,-1.0,-1,0.022727272727272728,1.0
3480,20,5,20,-1,3,0.6,0,0.25,0.25
5628,4,1,5,4,4,4.0,4,0.2,0.25
5101,7,1,7,-1,-1,-1.0,-1,0.14285714285714285,0.14285714285714285
1893,34,20,28,0,0,0.0,0,0.7142857142857143,0.5882352941176471
4103,14,2,11,0,0,0.0,0,0.18181818181818182,0.14285714285714285
7422,425,187,958,-1,10,4.9411764705882355,5,0.1951983298538622,0.44
1916,47,1,18,-1,-1,-1.0,-1,0.05555555555555555,0.02127659574468085
6867,1,1,6,-1,-1,-1.0,-1,0.16666666666666666,1.0
8258,22,1,13,-1,-1,-1.0,-1,0.07692307692307693,0.045454545454545456
1528,2,2,14,-1,-1,-1.0,-1,0.14285714285714285,1.0
2902,16,3,18,0,4,1.6666666666666667,1,0.16666666666666666,0.1875
3590,2,1,3,6,6,6.0,6,0.3333333333333333,0.5
289,11,4,8,1,1,1.0,1,0.5,0.36363636363636365
3492,3,1,10,1,1,1.0,1,0.1,0.3333333333333333
1389,1,1,11,-1,-1,-1.0,-1,0.09090909090909091,1.0
8254,66,2,38,0,0,0.0,0,0.05263157894736842,0.030303030303030304
25,63,3,18,0,0,0.0,0,0.16666666666666666,0.047619047619047616
1923,67,8,34,0,3,0.375,0,0.23529411764705882,0.11940298507462686
3616,10,1,12,-1,-1,-1.0,-1,0.08333333333333333,0.1
3318,15,1,2,10,10,10.0,10,0.5,0.06666666666666667
4270,23,1,1,0,0,0.0,0,1.0,0.043478260869565216
6241,21,6,11,0,0,0.0,0,0.5454545454545454,0.2857142857142857
1941,2246,146,1261,-1,6,0.15753424657534246,0,0.11578112609040445,0.06500445235975066
113,48,2,38,0,0,0.0,0,0.05263157894736842,0.041666666666666664
6372,26,6,33,-1,10,3.3333333333333335,1,0.18181818181818182,0.23076923076923078
4926,30,1,18,3,3,3.0,3,0.05555555555555555,0.03333333333333333
4470,10,2,35,0,0,0.0,0,0.05714285714285714,0.2
7553,7,1,3,5,5,5.0,5,0.3333333333333333,0.14285714285714285
3205,6,2,3,0,0,0.0,0,0.6666666666666666,0.3333333333333333
4048,5,5,130,-1,-1,-1.0,-1,0.038461538461538464,1.0
6486,126,5,43,0,2,0.4,0,0.11627906976744186,0.03968253968253968
6749,35,2,27,0,2,1.0,0,0.07407407407407407,0.05714285714285714
8098,11,2,16,0,10,5.0,0,0.125,0.18181818181818182
3899,75,2,26,1,10,5.5,1,0.07692307692307693,0.02666666666666667
7013,29,1,2,0,0,0.0,0,0.5,0.034482758620689655
5958,71,35,67,-1,10,0.2,0,0.5223880597014925,0.49295774647887325
8125,6,1,1,5,5,5.0,5,1.0,0.16666666666666666
5027,27,1,6,0,0,0.0,0,0.16666666666666666,0.037037037037037035
8033,17,4,8,-1,0,-0.25,0,0.5,0.23529411764705882
3337,46,15,38,0,0,0.0,0,0.39473684210526316,0.32608695652173914
7338,9,1,1,3,3,3.0,3,1.0,0.1111111111111111
6263,7,1,4,0,0,0.0,0,0.25,0.14285714285714285
4970,3,3,3,-1,-1,-1.0,-1,1.0,1.0
3035,113,2,89,0,5,2.5,0,0.02247191011235955,0.017699115044247787
4099,72,1,42,0,0,0.0,0,0.023809523809523808,0.013888888888888888
5762,25,2,6,-1,0,-0.5,-1,0.3333333333333333,0.08
408,17,2,4,0,0,0.0,0,0.5,0.11764705882352941
6164,42,10,28,-1,1,0.6,1,0.35714285714285715,0.23809523809523808
3096,55,23,32,0,0,0.0,0,0.71875,0.41818181818181815
8219,3,1,2,0,0,0.0,0,0.5,0.3333333333333333
3755,22,1,9,0,0,0.0,0,0.1111111111111111,0.045454545454545456
2234,7,1,6,0,0,0.0,0,0.16666666666666666,0.14285714285714285
4654,53,2,27,10,10,10.0,10,0.07407407407407407,0.03773584905660377
125,199,1,3,0,0,0.0,0,0.3333333333333333,0.005025125628140704
3267,34,1,11,0,0,0.0,0,0.09090909090909091,0.029411764705882353
5143,26,3,13,1,1,1.0,1,0.23076923076923078,0.11538461538461539
2050,503,16,523,0,10,2.375,1,0.030592734225621414,0.03180914512922465
8745,18,2,9,8,10,9.0,8,0.2222222222222222,0.1111111111111111
4053,17,3,24,0,0,0.0,0,0.125,0.17647058823529413
1853,74,2,30,1,2,1.5,1,0.06666666666666667,0.02702702702702703
6173,45,5,25,0,4,1.0,0,0.2,0.1111111111111111
5259,34,3,14,0,0,0.0,0,0.21428571428571427,0.08823529411764706
4471,38,2,10,0,0,0.0,0,0.2,0.05263157894736842
3391,4,1,1,0,0,0.0,0,1.0,0.25
5197,4,1,1,0,0,0.0,0,1.0,0.25
1336,116,6,60,-1,0,-0.16666666666666666,0,0.1,0.05172413793103448
6549,37,8,35,0,0,0.0,0,0.22857142857142856,0.21621621621621623
6577,20,1,13,-1,-1,-1.0,-1,0.07692307692307693,0.05
7673,93,6,27,0,0,0.0,0,0.2222222222222222,0.06451612903225806
4951,46,2,49,0,0,0.0,0,0.04081632653061224,0.043478260869565216
219,21,3,7,0,0,0.0,0,0.42857142857142855,0.14285714285714285
8064,23,1,3,0,0,0.0,0,0.3333333333333333,0.043478260869565216
4069,2,1,1,1,1,1.0,1,1.0,0.5
7294,4,1,13,0,0,0.0,0,0.07692307692307693,0.25
5045,105,10,44,-1,1,0.2,0,0.22727272727272727,0.09523809523809523
6000,42,2,41,0,2,1.0,0,0.04878048780487805,0.047619047619047616
3241,79,7,45,-1,1,0.0,0,0.15555555555555556,0.08860759493670886
6290,25,1,25,0,0,0.0,0,0.04,0.04
1687,11,1,10,10,10,10.0,10,0.1,0.09090909090909091
4533,15,2,11,0,0,0.0,0,0.18181818181818182,0.13333333333333333
6843,8,1,4,0,0,0.0,0,0.25,0.125
2217,8,3,3,-1,1,0.0,0,1.0,0.375
741,107,11,132,-1,10,1.5454545454545454,0,0.08333333333333333,0.102803738317757
5888,25,2,15,0,2,1.0,0,0.13333333333333333,0.08
3848,15,1,16,0,0,0.0,0,0.0625,0.06666666666666667
7771,33,2,12,-1,9,4.0,-1,0.16666666666666666,0.06060606060606061
5312,5,1,2,1,1,1.0,1,0.5,0.2
651,2,2,5,10,10,10.0,10,0.4,1.0
8028,6,2,6,0,0,0.0,0,0.3333333333333333,0.3333333333333333
2860,1,1,7,-1,-1,-1.0,-1,0.14285714285714285,1.0
1221,65,3,22,0,5,1.6666666666666667,0,0.13636363636363635,0.046153846153846156
2749,37,2,19,1,5,3.0,1,0.10526315789473684,0.05405405405405406
4841,10,1,4,0,0,0.0,0,0.25,0.1
4084,14,4,15,-1,1,0.5,1,0.26666666666666666,0.2857142857142857
7716,7,1,7,3,3,3.0,3,0.14285714285714285,0.14285714285714285
464,17,1,14,0,0,0.0,0,0.07142857142857142,0.058823529411764705
3847,167,21,103,-1,0,-0.2857142857142857,0,0.20388349514563106,0.12574850299401197
3599,122,10,36,-1,1,0.2,0,0.2777777777777778,0.08196721311475409
7322,7,1,5,0,0,0.0,0,0.2,0.14285714285714285
8188,10,4,61,0,1,0.25,0,0.06557377049180328,0.4
1177,9,1,5,0,0,0.0,0,0.2,0.1111111111111111
6483,6,1,3,0,0,0.0,0,0.3333333333333333,0.16666666666666666
1648,24,3,6,0,0,0.0,0,0.5,0.125
8060,6,1,4,-1,-1,-1.0,-1,0.25,0.16666666666666666
5111,22,1,1,0,0,0.0,0,1.0,0.045454545454545456
1345,14,1,5,0,0,0.0,0,0.2,0.07142857142857142
3165,35,7,47,-1,5,0.5714285714285714,0,0.14893617021276595,0.2
3233,12,1,1,7,7,7.0,7,1.0,0.08333333333333333
2868,3,1,2,0,0,0.0,0,0.5,0.3333333333333333
6944,1,1,4,1,1,1.0,1,0.25,1.0
3477,9,1,6,0,0,0.0,0,0.16666666666666666,0.1111111111111111
4117,23,1,17,1,1,1.0,1,0.058823529411764705,0.043478260869565216
866,9,2,5,0,0,0.0,0,0.4,0.2222222222222222
492,15,3,13,0,0,0.0,0,0.23076923076923078,0.2
798,10,2,6,0,0,0.0,0,0.3333333333333333,0.2
5601,9,1,6,0,0,0.0,0,0.16666666666666666,0.1111111111111111
4582,463,33,1155,-1,8,0.7575757575757576,0,0.02857142857142857,0.07127429805615551
1936,54,1,116,0,0,0.0,0,0.008620689655172414,0.018518518518518517
4753,34,2,22,1,1,1.0,1,0.09090909090909091,0.058823529411764705
714,14,1,2,2,2,2.0,2,0.5,0.07142857142857142
7889,25,2,5,0,0,0.0,0,0.4,0.08
8230,45,1,2,0,0,0.0,0,0.5,0.022222222222222223
1832,11,1,4,0,0,0.0,0,0.25,0.09090909090909091
2285,100,3,72,-1,3,0.6666666666666666,0,0.041666666666666664,0.03
1188,17,4,5,1,1,1.0,1,0.8,0.23529411764705882
5974,58,6,41,-1,6,1.1666666666666667,0,0.14634146341463414,0.10344827586206896
4342,21,5,15,-1,3,-0.2,-1,0.3333333333333333,0.23809523809523808
8734,17,2,15,0,0,0.0,0,0.13333333333333333,0.11764705882352941
4965,13,5,8,0,0,0.0,0,0.625,0.38461538461538464
7195,21,1,22,0,0,0.0,0,0.045454545454545456,0.047619047619047616
4908,42,1,16,0,0,0.0,0,0.0625,0.023809523809523808
2130,14,2,27,4,9,6.5,4,0.07407407407407407,0.14285714285714285
490,12,4,10,0,0,0.0,0,0.4,0.3333333333333333
3820,5,1,6,10,10,10.0,10,0.16666666666666666,0.2
6364,1,1,1,10,10,10.0,10,1.0,1.0
8571,2,1,1,5,5,5.0,5,1.0,0.5
1631,64,12,55,0,2,0.6666666666666666,0,0.21818181818181817,0.1875
2314,20,11,19,0,0,0.0,0,0.5789473684210527,0.55
3877,22,2,31,1,10,5.5,1,0.06451612903225806,0.09090909090909091
2472,5,1,4,10,10,10.0,10,0.25,0.2
3004,2,1,2,0,0,0.0,0,0.5,0.5
3641,70,3,22,0,0,0.0,0,0.13636363636363635,0.04285714285714286
7871,10,1,6,0,0,0.0,0,0.16666666666666666,0.1
8310,101,3,20,-1,0,-0.3333333333333333,0,0.15,0.0297029702970297
2352,19,2,11,0,0,0.0,0,0.18181818181818182,0.10526315789473684
6796,7,2,6,0,3,1.5,0,0.3333333333333333,0.2857142857142857
809,21,2,17,0,7,3.5,0,0.11764705882352941,0.09523809523809523
8149,9,2,3,1,1,1.0,1,0.6666666666666666,0.2222222222222222
8386,75,19,1682,-1,10,2.0526315789473686,1,0.011296076099881093,0.25333333333333335
60,15,1,12,8,8,8.0,8,0.08333333333333333,0.06666666666666667
7314,75,4,108,-1,1,0.25,0,0.037037037037037035,0.05333333333333334
5773,131,53,94,-1,1,-0.03773584905660377,0,0.5638297872340425,0.40458015267175573
2450,4,1,2,1,1,1.0,1,0.5,0.25
4241,6,2,4,0,0,0.0,0,0.5,0.3333333333333333
4827,19,4,13,0,10,5.0,0,0.3076923076923077,0.21052631578947367
382,109,8,32,0,3,1.5,1,0.25,0.07339449541284404
6817,26,2,11,5,5,5.0,5,0.18181818181818182,0.07692307692307693
1282,47,3,20,1,10,7.0,10,0.15,0.06382978723404255
2491,13,1,1,1,1,1.0,1,1.0,0.07692307692307693
2634,113,7,59,0,4,1.0,0,0.11864406779661017,0.061946902654867256
1515,26,3,5,-1,0,-0.3333333333333333,0,0.6,0.11538461538461539
6101,32,8,11,-1,0,-0.125,0,0.7272727272727273,0.25
6983,4,1,4,-1,-1,-1.0,-1,0.25,0.25
457,36,3,14,0,8,2.6666666666666665,0,0.21428571428571427,0.08333333333333333
8291,26,2,14,0,0,0.0,0,0.14285714285714285,0.07692307692307693
6511,50,3,48,-1,7,2.0,0,0.0625,0.06
3338,58,1,77,-1,-1,-1.0,-1,0.012987012987012988,0.017241379310344827
8314,33,4,9,0,1,0.25,0,0.4444444444444444,0.12121212121212122
724,34,4,11,0,0,0.0,0,0.36363636363636365,0.11764705882352941
8463,2,2,5,-1,-1,-1.0,-1,0.4,1.0
1532,3,1,5,0,0,0.0,0,0.2,0.3333333333333333
1915,20,2,7,0,0,0.0,0,0.2857142857142857,0.1
3532,7190,250,3339,-1,5,0.12,0,0.07487271638215034,0.03477051460361613
6021,506,22,1022,-1,1,0.045454545454545456,0,0.021526418786692758,0.043478260869565216
4675,93,1,3,0,0,0.0,0,0.3333333333333333,0.010752688172043012
5116,49,1,31,0,0,0.0,0,0.03225806451612903,0.02040816326530612
1440,142,7,57,0,8,1.5714285714285714,0,0.12280701754385964,0.04929577464788732
2592,67,3,15,-1,0,-0.3333333333333333,0,0.2,0.04477611940298507
3915,4,1,2,10,10,10.0,10,0.5,0.25
1023,28,4,6,-1,0,-0.25,0,0.6666666666666666,0.14285714285714285
334,1,1,3,10,10,10.0,10,0.3333333333333333,1.0
2550,12,1,4,-1,-1,-1.0,-1,0.25,0.08333333333333333
8305,291,14,1335,0,5,0.8571428571428571,0,0.010486891385767791,0.048109965635738834
680,142,11,52,-1,0,-0.09090909090909091,0,0.21153846153846154,0.07746478873239436
4287,25,1,23,1,1,1.0,1,0.043478260869565216,0.04
5928,37,7,36,0,0,0.0,0,0.19444444444444445,0.1891891891891892
4975,12,2,28,-1,-1,-1.0,-1,0.07142857142857142,0.16666666666666666
5484,1,1,5,-1,-1,-1.0,-1,0.2,1.0
8684,5,1,5,0,0,0.0,0,0.2,0.2
3594,5,3,5,0,0,0.0,0,0.6,0.6
7717,2256,124,2199,-1,10,1.0241935483870968,0,0.05638926784902228,0.0549645390070922
4584,121,7,50,0,0,0.0,0,0.14,0.05785123966942149
8630,3,1,2,1,1,1.0,1,0.5,0.3333333333333333
5550,6,2,2,0,0,0.0,0,1.0,0.3333333333333333
7663,15,1,2,0,0,0.0,0,0.5,0.06666666666666667
4540,2,1,2,0,0,0.0,0,0.5,0.5
2233,41,3,32,0,1,0.6666666666666666,1,0.09375,0.07317073170731707
1585,190,3,42,-1,0,-0.3333333333333333,0,0.07142857142857142,0.015789473684210527
997,13,1,1,0,0,0.0,0,1.0,0.07692307692307693
1623,125,13,109,-1,10,2.1538461538461537,0,0.11926605504587157,0.104
2765,100,21,67,0,6,0.8571428571428571,0,0.31343283582089554,0.21
4551,6,1,4,4,4,4.0,4,0.25,0.16666666666666666
1149,7,3,9,0,6,2.3333333333333335,1,0.3333333333333333,0.42857142857142855
3230,12,1,4,2,2,2.0,2,0.25,0.08333333333333333
303,58,1,3,0,0,0.0,0,0.3333333333333333,0.017241379310344827
6566,45,3,17,-1,0,-0.6666666666666666,-1,0.17647058823529413,0.06666666666666667
718,9,1,1,0,0,0.0,0,1.0,0.1111111111111111
4802,5,1,6,0,0,0.0,0,0.16666666666666666,0.2
4942,139,4,21,0,1,0.25,0,0.19047619047619047,0.02877697841726619
1842,5,1,4,1,1,1.0,1,0.25,0.2
6920,1,1,1,-1,-1,-1.0,-1,1.0,1.0
1120,3,1,1,0,0,0.0,0,1.0,0.3333333333333333
8357,15,1,5,0,0,0.0,0,0.2,0.06666666666666667
6497,17,4,15,0,2,1.5,2,0.26666666666666666,0.23529411764705882
5821,76,2,72,0,0,0.0,0,0.027777777777777776,0.02631578947368421
5963,26,8,13,0,0,0.0,0,0.6153846153846154,0.3076923076923077
807,3,1,1,3,3,3.0,3,1.0,0.3333333333333333
6723,1,1,2,3,3,3.0,3,0.5,1.0
611,350,36,219,-1,5,0.4722222222222222,0,0.1643835616438356,0.10285714285714286
4789,31,2,16,-1,2,0.5,-1,0.125,0.06451612903225806
2146,522,38,323,-1,10,1.394736842105263,0,0.11764705882352941,0.07279693486590039
3424,22,1,20,0,0,0.0,0,0.05,0.045454545454545456
3342,61,2,19,-1,2,0.5,-1,0.10526315789473684,0.03278688524590164
7403,50,1,7,0,0,0.0,0,0.14285714285714285,0.02
8772,4,1,5,10,10,10.0,10,0.2,0.25
8493,16,1,9,0,0,0.0,0,0.1111111111111111,0.0625
7421,23,12,13,-1,0,-0.08333333333333333,0,0.9230769230769231,0.5217391304347826
4861,18,8,19,0,0,0.0,0,0.42105263157894735,0.4444444444444444
7939,29,3,16,0,0,0.0,0,0.1875,0.10344827586206896
6298,5,1,5,-1,-1,-1.0,-1,0.2,0.2
6468,83,12,61,0,0,0.0,0,0.19672131147540983,0.14457831325301204
2693,36,1,22,0,0,0.0,0,0.045454545454545456,0.027777777777777776
105,15,1,3,-1,-1,-1.0,-1,0.3333333333333333,0.06666666666666667
7407,10,3,6,2,2,2.0,2,0.5,0.3
7339,76,2,13,0,0,0.0,0,0.15384615384615385,0.02631578947368421
1553,18,1,23,0,0,0.0,0,0.043478260869565216,0.05555555555555555
7588,16,2,9,-1,0,-0.5,-1,0.2222222222222222,0.125
1744,1,1,1,0,0,0.0,0,1.0,1.0
3472,9,1,3,0,0,0.0,0,0.3333333333333333,0.1111111111111111
58,1305,83,448,-1,2,-0.04819277108433735,0,0.18526785714285715,0.06360153256704981
3362,183,5,35,0,3,0.8,0,0.14285714285714285,0.0273224043715847
2400,24,2,15,-1,-1,-1.0,-1,0.13333333333333333,0.08333333333333333
1880,4,1,15,0,0,0.0,0,0.06666666666666667,0.25
8364,18,2,2,-1,-1,-1.0,-1,1.0,0.1111111111111111
4328,8,2,3,0,0,0.0,0,0.6666666666666666,0.25
7712,3,2,2,0,0,0.0,0,1.0,0.6666666666666666
6683,1023,213,653,-1,10,0.539906103286385,0,0.32618683001531396,0.20821114369501467
7312,10,1,7,0,0,0.0,0,0.14285714285714285,0.1
3550,71,2,41,-1,0,-0.5,-1,0.04878048780487805,0.028169014084507043
4004,16,1,10,0,0,0.0,0,0.1,0.0625
8179,29,3,14,0,0,0.0,0,0.21428571428571427,0.10344827586206896
1852,11,1,5,6,6,6.0,6,0.2,0.09090909090909091
8850,9,1,5,10,10,10.0,10,0.2,0.1111111111111111
8560,4,1,2,0,0,0.0,0,0.5,0.25
7113,1223,31,1147,-1,8,2.129032258064516,1,0.02702702702702703,0.025347506132461162
6186,77,11,35,0,10,2.5454545454545454,0,0.3142857142857143,0.14285714285714285
1860,122,26,341,-1,3,-0.038461538461538464,0,0.07624633431085044,0.21311475409836064
508,34,1,14,0,0,0.0,0,0.07142857142857142,0.029411764705882353
150,61,3,41,0,0,0.0,0,0.07317073170731707,0.04918032786885246
7801,41,2,34,0,0,0.0,0,0.058823529411764705,0.04878048780487805
3903,28,1,26,0,0,0.0,0,0.038461538461538464,0.03571428571428571
3642,3,1,2,-1,-1,-1.0,-1,0.5,0.3333333333333333
7369,28,1,37,0,0,0.0,0,0.02702702702702703,0.03571428571428571
7913,354,46,1078,0,3,0.2391304347826087,0,0.04267161410018553,0.12994350282485875
7598,56,1,35,0,0,0.0,0,0.02857142857142857,0.017857142857142856
7977,21,1,9,0,0,0.0,0,0.1111111111111111,0.047619047619047616
5674,6,1,3,0,0,0.0,0,0.3333333333333333,0.16666666666666666
6094,2,2,7,-1,-1,-1.0,-1,0.2857142857142857,1.0
6023,5,1,3,0,0,0.0,0,0.3333333333333333,0.2
7950,1,1,2,-1,-1,-1.0,-1,0.5,1.0
3630,97,7,164,-1,6,1.0,0,0.042682926829268296,0.07216494845360824
561,18,2,9,0,0,0.0,0,0.2222222222222222,0.1111111111111111
7445,46,10,29,0,3,0.3,0,0.3448275862068966,0.21739130434782608
6317,5,1,6,0,0,0.0,0,0.16666666666666666,0.2
4372,5,1,3,8,8,8.0,8,0.3333333333333333,0.2
1080,1661,31,747,-1,10,0.7741935483870968,0,0.041499330655957165,0.018663455749548464
4242,110,29,70,-1,1,-0.034482758620689655,0,0.4142857142857143,0.2636363636363636
5858,154,2,107,0,4,2.0,0,0.018691588785046728,0.012987012987012988
6915,85,3,32,-1,0,-0.3333333333333333,0,0.09375,0.03529411764705882
4575,16,2,3,-1,0,-0.5,-1,0.6666666666666666,0.125
6862,4,1,6,0,0,0.0,0,0.16666666666666666,0.25
3680,4,1,1,0,0,0.0,0,1.0,0.25
2934,13267,995,6325,-1,10,0.9306532663316583,0,0.15731225296442689,0.07499811562523555
317,17,13,16,0,0,0.0,0,0.8125,0.7647058823529411
2714,64,3,30,-1,0,-0.6666666666666666,-1,0.1,0.046875
3928,36,2,19,0,0,0.0,0,0.10526315789473684,0.05555555555555555
8497,18,1,17,0,0,0.0,0,0.058823529411764705,0.05555555555555555
3829,9,1,10,10,10,10.0,10,0.1,0.1111111111111111
1672,12,1,4,0,0,0.0,0,0.25,0.08333333333333333
638,3,1,2,4,4,4.0,4,0.5,0.3333333333333333
7474,20,3,6,0,0,0.0,0,0.5,0.15
805,9,1,1,0,0,0.0,0,1.0,0.1111111111111111
3808,4,2,3,1,1,1.0,1,0.6666666666666666,0.5
8775,1376,195,439,-1,10,0.5743589743589743,0,0.44419134396355353,0.14171511627906977
7439,8,1,3,1,1,1.0,1,0.3333333333333333,0.125
6238,46,6,32,0,0,0.0,0,0.1875,0.13043478260869565
6475,29,4,26,-1,1,0.25,0,0.15384615384615385,0.13793103448275862
4597,77,3,13,-1,4,1.0,0,0.23076923076923078,0.03896103896103896
1693,9,1,9,0,0,0.0,0,0.1111111111111111,0.1111111111111111
1448,25,1,28,-1,-1,-1.0,-1,0.03571428571428571,0.04
6955,54,10,26,0,1,0.3,0,0.38461538461538464,0.18518518518518517
1264,15,3,12,-1,8,2.3333333333333335,0,0.25,0.2
1018,4,1,3,0,0,0.0,0,0.3333333333333333,0.25
3360,25,2,4,-1,-1,-1.0,-1,0.5,0.08
3785,9,2,10,0,1,0.5,0,0.2,0.2222222222222222
3191,29,4,15,0,10,3.25,0,0.26666666666666666,0.13793103448275862
6666,12,2,8,1,1,1.0,1,0.25,0.16666666666666666
342,86,8,38,0,10,8.75,10,0.21052631578947367,0.09302325581395349
4468,25,1,6,0,0,0.0,0,0.16666666666666666,0.04
2709,631,61,5475,-1,10,2.1639344262295084,1,0.011141552511415525,0.09667194928684628
7243,381,51,422,-1,10,1.2156862745098038,0,0.12085308056872038,0.13385826771653545
5414,50,1,1,1,1,1.0,1,1.0,0.02
4434,12,1,3,2,2,2.0,2,0.3333333333333333,0.08333333333333333
7557,32,1,1,1,1,1.0,1,1.0,0.03125
4640,4,2,3,0,0,0.0,0,0.6666666666666666,0.5
6286,5,1,6,3,3,3.0,3,0.16666666666666666,0.2
5377,7,1,9,10,10,10.0,10,0.1111111111111111,0.14285714285714285
1606,30,4,17,0,0,0.0,0,0.23529411764705882,0.13333333333333333
4116,135,4,80,-1,2,0.75,0,0.05,0.02962962962962963
2762,109,6,98,0,9,3.1666666666666665,0,0.061224489795918366,0.05504587155963303
2731,186,13,51,-1,2,0.0,0,0.2549019607843137,0.06989247311827956
4057,75,3,29,0,1,0.3333333333333333,0,0.10344827586206896,0.04
8575,20,3,11,2,2,2.0,2,0.2727272727272727,0.15
8195,2,1,1,-1,-1,-1.0,-1,1.0,0.5
4934,9,1,3,0,0,0.0,0,0.3333333333333333,0.1111111111111111
2319,28,6,11,0,1,0.16666666666666666,0,0.5454545454545454,0.21428571428571427
1433,2698,187,7965,-1,10,0.8181818181818182,0,0.023477715003138732,0.06931060044477391
42,404,11,194,-1,2,0.09090909090909091,0,0.05670103092783505,0.027227722772277228
6575,52,3,29,0,4,1.3333333333333333,0,0.10344827586206896,0.057692307692307696
2308,46,3,50,-1,0,-0.3333333333333333,0,0.06,0.06521739130434782
7959,22,1,27,0,0,0.0,0,0.037037037037037035,0.045454545454545456
7016,44,16,19,0,8,0.5,0,0.8421052631578947,0.36363636363636365
6982,4,2,11,-1,-1,-1.0,-1,0.18181818181818182,0.5
892,146,7,93,0,0,0.0,0,0.07526881720430108,0.04794520547945205
3447,114,5,84,-1,3,1.2,1,0.05952380952380952,0.043859649122807015
4906,160,28,134,-1,3,0.25,0,0.208955223880597,0.175
7064,27,1,34,10,10,10.0,10,0.029411764705882353,0.037037037037037035
6603,11,1,18,0,0,0.0,0,0.05555555555555555,0.09090909090909091
6196,23,1,5,-1,-1,-1.0,-1,0.2,0.043478260869565216
4960,7,4,7,6,6,6.0,6,0.5714285714285714,0.5714285714285714
7007,18,1,2,0,0,0.0,0,0.5,0.05555555555555555
4920,3,1,2,6,6,6.0,6,0.5,0.3333333333333333
8316,20,6,14,0,1,0.3333333333333333,0,0.42857142857142855,0.3
4883,471,25,235,-1,10,0.6,0,0.10638297872340426,0.05307855626326964
5199,96,8,36,0,1,0.25,0,0.2222222222222222,0.08333333333333333
4833,291,69,220,-1,10,3.101449275362319,2,0.31363636363636366,0.23711340206185566
6316,57,1,10,0,0,0.0,0,0.1,0.017543859649122806
4771,330,2,44,0,0,0.0,0,0.045454545454545456,0.006060606060606061
1984,19,1,1,0,0,0.0,0,1.0,0.05263157894736842
6926,10,5,77,0,10,3.2,2,0.06493506493506493,0.5
1839,137,3,152,1,10,5.333333333333333,5,0.019736842105263157,0.021897810218978103
6404,32,2,32,0,3,1.5,0,0.0625,0.0625
7111,7,4,7,1,1,1.0,1,0.5714285714285714,0.5714285714285714
3921,9,2,8,-1,5,2.0,-1,0.25,0.2222222222222222
1763,5,1,5,-1,-1,-1.0,-1,0.2,0.2
2593,33,1,3,0,0,0.0,0,0.3333333333333333,0.030303030303030304
6967,3,2,2,0,0,0.0,0,1.0,0.6666666666666666
357,25,1,2,10,10,10.0,10,0.5,0.04
2144,12,2,8,1,1,1.0,1,0.25,0.16666666666666666
3732,38,1,4,-1,-1,-1.0,-1,0.25,0.02631578947368421
7374,59,9,159,0,4,0.6666666666666666,0,0.05660377358490566,0.15254237288135594
5643,16,2,29,-1,10,4.5,-1,0.06896551724137931,0.125
5644,5,2,4,0,0,0.0,0,0.5,0.4
8097,9,1,22,7,7,7.0,7,0.045454545454545456,0.1111111111111111
8489,4,1,7,3,3,3.0,3,0.14285714285714285,0.25
4414,3,1,5,-1,-1,-1.0,-1,0.2,0.3333333333333333
4679,12,1,16,4,4,4.0,4,0.0625,0.08333333333333333
1390,31,20,75,-1,4,1.1,-1,0.26666666666666666,0.6451612903225806
4872,21,11,13,0,0,0.0,0,0.8461538461538461,0.5238095238095238
6701,22,1,1,0,0,0.0,0,1.0,0.045454545454545456
2010,7,7,9,-1,-1,-1.0,-1,0.7777777777777778,1.0
4903,13,2,7,-1,0,-0.5,-1,0.2857142857142857,0.15384615384615385
2661,57,8,64,-1,1,0.5,1,0.125,0.14035087719298245
281,40,5,59,0,0,0.0,0,0.0847457627118644,0.125
3483,1,1,2,-1,-1,-1.0,-1,0.5,1.0
1011,33,2,28,0,0,0.0,0,0.07142857142857142,0.06060606060606061
3951,62,1,4,-1,-1,-1.0,-1,0.25,0.016129032258064516
8076,1,1,3,-1,-1,-1.0,-1,0.3333333333333333,1.0
3733,5,2,3,0,0,0.0,0,0.6666666666666666,0.4
6614,133,5,30,-1,0,-0.2,0,0.16666666666666666,0.03759398496240601
2461,120,18,93,-1,10,2.6666666666666665,0,0.1935483870967742,0.15
3299,27,12,36,0,1,0.08333333333333333,0,0.3333333333333333,0.4444444444444444
7415,50,2,20,0,0,0.0,0,0.1,0.04
4860,53,53,4146,-1,10,1.6037735849056605,1,0.012783405692233478,1.0
5294,42,7,46,0,8,2.0,0,0.15217391304347827,0.16666666666666666
4636,34,3,39,0,5,2.3333333333333335,2,0.07692307692307693,0.08823529411764706
2869,26,4,8,0,0,0.0,0,0.5,0.15384615384615385
7015,17,1,5,0,0,0.0,0,0.2,0.058823529411764705
8380,15,1,5,0,0,0.0,0,0.2,0.06666666666666667
7018,17,5,14,1,9,6.4,9,0.35714285714285715,0.29411764705882354
8077,143,7,130,0,1,0.42857142857142855,0,0.05384615384615385,0.04895104895104895
8812,228,17,39,-1,4,0.29411764705882354,0,0.4358974358974359,0.07456140350877193
2361,56,4,21,0,0,0.0,0,0.19047619047619047,0.07142857142857142
3214,12,1,11,0,0,0.0,0,0.09090909090909091,0.08333333333333333
8476,84,13,151,0,10,2.6153846153846154,1,0.08609271523178808,0.15476190476190477
4978,4,2,2,0,1,0.5,0,1.0,0.5
2566,4,1,5,0,0,0.0,0,0.2,0.25
4748,73,5,90,0,7,2.8,3,0.05555555555555555,0.0684931506849315
5256,201,47,194,-1,3,0.3617021276595745,0,0.2422680412371134,0.23383084577114427
5041,50,1,50,10,10,10.0,10,0.02,0.02
7579,21,1,8,2,2,2.0,2,0.125,0.047619047619047616
7922,20,2,15,0,9,4.5,0,0.13333333333333333,0.1
4730,5,1,2,0,0,0.0,0,0.5,0.2
6611,9,2,7,0,0,0.0,0,0.2857142857142857,0.2222222222222222
8585,1,1,1,-1,-1,-1.0,-1,1.0,1.0
2813,422,35,437,-1,6,0.42857142857142855,0,0.08009153318077804,0.08293838862559241
2504,93,2,64,-1,0,-0.5,-1,0.03125,0.021505376344086023
2995,99,1,25,0,0,0.0,0,0.04,0.010101010101010102
6169,6,2,5,4,4,4.0,4,0.4,0.3333333333333333
8733,49,1,19,-1,-1,-1.0,-1,0.05263157894736842,0.02040816326530612
4974,14,1,6,0,0,0.0,0,0.16666666666666666,0.07142857142857142
3939,809,93,345,-1,10,1.7419354838709677,2,0.26956521739130435,0.11495673671199011
5413,67,3,37,1,1,1.0,1,0.08108108108108109,0.04477611940298507
1851,26,1,4,0,0,0.0,0,0.25,0.038461538461538464
8167,10,1,1,10,10,10.0,10,1.0,0.1
7592,88,10,40,-1,2,0.4,0,0.25,0.11363636363636363
8377,6,1,2,3,3,3.0,3,0.5,0.16666666666666666
5198,5,1,1,0,0,0.0,0,1.0,0.2
2382,13,1,12,10,10,10.0,10,0.08333333333333333,0.07692307692307693
1526,50,7,47,0,10,3.4285714285714284,3,0.14893617021276595,0.14
7297,95,1,23,0,0,0.0,0,0.043478260869565216,0.010526315789473684
2621,13,1,15,0,0,0.0,0,0.06666666666666667,0.07692307692307693
4677,18,3,12,8,10,8.666666666666666,8,0.25,0.16666666666666666
7426,14,1,1,3,3,3.0,3,1.0,0.07142857142857142
8013,18,2,14,-1,1,0.0,-1,0.14285714285714285,0.1111111111111111
6594,8,2,36,1,9,5.0,1,0.05555555555555555,0.25
3554,14,1,5,-1,-1,-1.0,-1,0.2,0.07142857142857142
2456,25,1,9,0,0,0.0,0,0.1111111111111111,0.04
616,3,1,3,0,0,0.0,0,0.3333333333333333,0.3333333333333333
4701,1,1,5,-1,-1,-1.0,-1,0.2,1.0
7905,10,1,3,0,0,0.0,0,0.3333333333333333,0.1
996,36,3,25,2,4,2.6666666666666665,2,0.12,0.08333333333333333
3809,45,1,41,0,0,0.0,0,0.024390243902439025,0.022222222222222223
1309,18,2,14,0,3,1.5,0,0.14285714285714285,0.1111111111111111
2287,21,1,4,0,0,0.0,0,0.25,0.047619047619047616
1776,44,3,38,-1,10,5.333333333333333,7,0.07894736842105263,0.06818181818181818
2282,7,2,5,0,10,5.0,0,0.4,0.2857142857142857
7364,1,1,1,1,1,1.0,1,1.0,1.0
5250,5,1,6,1,1,1.0,1,0.16666666666666666,0.2
2969,11,1,22,2,2,2.0,2,0.045454545454545456,0.09090909090909091
1948,3,3,5,3,10,5.333333333333333,3,0.6,1.0
4732,6,2,7,2,2,2.0,2,0.2857142857142857,0.3333333333333333
6972,3,2,4,-1,0,-0.5,-1,0.5,0.6666666666666666
7527,3,2,3,10,10,10.0,10,0.6666666666666666,0.6666666666666666
1891,33,2,2,0,0,0.0,0,1.0,0.06060606060606061
2976,287,30,105,-1,10,0.4666666666666667,0,0.2857142857142857,0.10452961672473868
6233,11,3,6,0,0,0.0,0,0.5,0.2727272727272727
2913,39,6,11,0,0,0.0,0,0.5454545454545454,0.15384615384615385
7679,813,50,601,-1,2,0.32,0,0.08319467554076539,0.06150061500615006
1962,226,1,6,0,0,0.0,0,0.16666666666666666,0.004424778761061947
6615,31,2,10,1,1,1.0,1,0.2,0.06451612903225806
6424,60,5,102,0,1,0.2,0,0.049019607843137254,0.08333333333333333
8304,9,1,5,10,10,10.0,10,0.2,0.1111111111111111
8597,14,1,15,1,1,1.0,1,0.06666666666666667,0.07142857142857142
7135,13,3,9,0,0,0.0,0,0.3333333333333333,0.23076923076923078
7384,2,1,2,0,0,0.0,0,0.5,0.5
4986,8,1,9,-1,-1,-1.0,-1,0.1111111111111111,0.125
3236,4,1,2,0,0,0.0,0,0.5,0.25
6885,535,106,398,-1,10,3.509433962264151,2,0.2663316582914573,0.19813084112149532
8433,153,5,43,0,0,0.0,0,0.11627906976744186,0.032679738562091505
2645,68,1,12,2,2,2.0,2,0.08333333333333333,0.014705882352941176
4621,7,2,5,-1,0,-0.5,-1,0.4,0.2857142857142857
4331,5,1,11,1,1,1.0,1,0.09090909090909091,0.2
670,41,14,28,-1,10,2.2857142857142856,0,0.5,0.34146341463414637
5877,2,2,7,-1,-1,-1.0,-1,0.2857142857142857,1.0
8518,2,1,3,1,1,1.0,1,0.3333333333333333,0.5
6735,408,1,13,0,0,0.0,0,0.07692307692307693,0.0024509803921568627
1246,3,1,2,-1,-1,-1.0,-1,0.5,0.3333333333333333
3394,54,2,8,-1,0,-0.5,-1,0.25,0.037037037037037035
5908,66,10,33,0,0,0.0,0,0.30303030303030304,0.15151515151515152
7196,15,1,7,0,0,0.0,0,0.14285714285714285,0.06666666666666667
6352,156,37,117,-1,3,0.24324324324324326,0,0.3162393162393162,0.23717948717948717
1292,6,1,3,0,0,0.0,0,0.3333333333333333,0.16666666666666666
6209,10,6,10,0,2,0.6666666666666666,0,0.6,0.6
2066,1,1,4,-1,-1,-1.0,-1,0.25,1.0
2982,26,1,28,2,2,2.0,2,0.03571428571428571,0.038461538461538464
4171,27,10,15,0,10,6.0,10,0.6666666666666666,0.37037037037037035
7927,40,6,43,0,1,0.16666666666666666,0,0.13953488372093023,0.15
7443,9,1,9,1,1,1.0,1,0.1111111111111111,0.1111111111111111
934,1,1,1,-1,-1,-1.0,-1,1.0,1.0
74,16,3,18,0,0,0.0,0,0.16666666666666666,0.1875
6485,7972,1404,5443,-1,10,0.2777777777777778,0,0.2579459856696675,0.17611640742599097
7811,16,2,6,0,0,0.0,0,0.3333333333333333,0.125
6092,93,5,39,0,0,0.0,0,0.1282051282051282,0.053763440860215055
7917,53,1,10,0,0,0.0,0,0.1,0.018867924528301886
8394,67,6,57,0,0,0.0,0,0.10526315789473684,0.08955223880597014
2979,21,2,9,1,1,1.0,1,0.2222222222222222,0.09523809523809523
8422,114,10,55,0,6,1.1,0,0.18181818181818182,0.08771929824561403
8278,23,2,5,0,0,0.0,0,0.4,0.08695652173913043
7609,5,1,5,0,0,0.0,0,0.2,0.2
6025,82,1,9,0,0,0.0,0,0.1111111111111111,0.012195121951219513
841,5,2,2,0,0,0.0,0,1.0,0.4
5083,15,1,6,0,0,0.0,0,0.16666666666666666,0.06666666666666667
2973,86,3,8,0,2,0.6666666666666666,0,0.375,0.03488372093023256
4367,42,9,13,0,0,0.0,0,0.6923076923076923,0.21428571428571427
7232,31,2,6,0,0,0.0,0,0.3333333333333333,0.06451612903225806
7043,32,4,26,-1,0,-0.25,0,0.15384615384615385,0.125
6524,81,1,2,1,1,1.0,1,0.5,0.012345679012345678
6604,19,3,20,0,1,0.3333333333333333,0,0.15,0.15789473684210525
7885,7,1,3,4,4,4.0,4,0.3333333333333333,0.14285714285714285
2733,46,3,60,-1,0,-0.3333333333333333,0,0.05,0.06521739130434782
8771,1,1,63,-1,-1,-1.0,-1,0.015873015873015872,1.0
6799,4,1,1,0,0,0.0,0,1.0,0.25
6135,786,238,691,-1,10,0.07563025210084033,0,0.34442836468885674,0.30279898218829515
5289,11,2,17,10,10,10.0,10,0.11764705882352941,0.18181818181818182
6794,22,2,12,3,3,3.0,3,0.16666666666666666,0.09090909090909091
6117,12,1,6,10,10,10.0,10,0.16666666666666666,0.08333333333333333
701,10,1,4,0,0,0.0,0,0.25,0.1
8251,38,1,43,2,2,2.0,2,0.023255813953488372,0.02631578947368421
8559,23,1,25,0,0,0.0,0,0.04,0.043478260869565216
2454,160,29,121,-1,2,0.1724137931034483,0,0.2396694214876033,0.18125
3381,6784,1130,33898,-1,10,1.5920353982300885,1,0.03333530001770016,0.1665683962264151
1993,31,9,21,-1,0,-0.1111111111111111,0,0.42857142857142855,0.2903225806451613
1656,123,2,73,-1,0,-0.5,-1,0.0273972602739726,0.016260162601626018
3046,121,7,132,0,10,4.857142857142857,5,0.05303030303030303,0.05785123966942149
2558,54,6,55,-1,4,1.3333333333333333,1,0.10909090909090909,0.1111111111111111
8282,18,1,16,1,1,1.0,1,0.0625,0.05555555555555555
3568,47,1,2,10,10,10.0,10,0.5,0.02127659574468085
4484,5,1,9,0,0,0.0,0,0.1111111111111111,0.2
2746,1,1,1,2,2,2.0,2,1.0,1.0
2208,2,2,5,-1,-1,-1.0,-1,0.4,1.0
3245,28,2,19,0,0,0.0,0,0.10526315789473684,0.07142857142857142
517,455,46,69,-1,1,-0.021739130434782608,0,0.6666666666666666,0.1010989010989011
3406,95,6,116,-1,1,0.5,1,0.05172413793103448,0.06315789473684211
4173,147,8,46,0,0,0.0,0,0.17391304347826086,0.05442176870748299
2487,16,1,12,10,10,10.0,10,0.08333333333333333,0.0625
7476,9,1,8,5,5,5.0,5,0.125,0.1111111111111111
1413,16,1,13,0,0,0.0,0,0.07692307692307693,0.0625
5581,3,1,1,0,0,0.0,0,1.0,0.3333333333333333
6153,13,1,6,0,0,0.0,0,0.16666666666666666,0.07692307692307693
6477,6,1,6,-1,-1,-1.0,-1,0.16666666666666666,0.16666666666666666
6490,13,1,4,0,0,0.0,0,0.25,0.07692307692307693
